contract,clause_type,predicted_type,hb_correct,v_correct,is_rescued,v_pred,hb_score,text
CybergyHoldingsInc_20140520_10-Q_EX-10.2,Cap On Liability,Cap On Liability,True,True,False,Cap On Liability,0.8208,"The foregoing states the entire liability of Company with respect to infringement of intellectual property rights. | Company's liability shall not exceed the fees that MA has paid under this Agreement. | Company is not liable for incidental, special or consequential damages for any reason (including loss of data or other business or property damage), even if foreseeable or if MA or Customer has advised of such a claim. | IN NO EVENT SHALL COMPANY BE LIABLE TO ""MA"", ITS CLIENTS, OR ANY THIRD PARTY FOR ANY TORT OR CONTRACT DAMAGES OR INDIRECT, SPECIAL, GENERAL, INCIDENTAL OR CONSEQUENTIAL DAMAGES, INCLUDING BUT NOT LIMITED TO, LOSS OF PROFITS OR ANTICIPATED PROFITS AND LOSS OF GOODWILL, ARISING IN CONNECTION WITH THE USE (OR INABILITY TO USE) OR DISTRIBUTION OF THE TECHNOLOGY FOR ANY PURPOSE WHATSOEVER. | COMPANY'S SOLE AND EXCLUSIVE LIABILITY FOR THE WARRANTY PROVIDED IN SUBPARAGRAH (A) HEREOF SHALL BE TO CORRECT THE TECHNOLOGY TO OPERATE IN SUBSTANTIAL ACCORDANCE WITH ITS THEN CURRENT SPECIFICATIONS OR REPLACE, AT ITS OPTION, THE TECHNOLOGY NOT IN COMPLIANCE WITH COMPANY'S AND COMPANY' PUBLISHED SPECIFICATIONS REGARDING THE TECHNOLOGY; PROVIDED, ANY CLAIM FOR BREACH OF WARRANTY UNDER SUBPARAGRAPH (A) HEREOF MUST BE MADE IN WRITING WITHIN (90) DAYS FROM DATE OF SHIPMENT"
CybergyHoldingsInc_20140520_10-Q_EX-10.2,Anti-Assignment,Anti-Assignment,True,True,False,Anti-Assignment,1.0,"MA may not assign, sell, lease or otherwise transfer in whole or in party any of the rights granted pursuant to this Agreement without prior written approval of Company."
EuromediaHoldingsCorp_20070215_10SB12G_E,Uncapped Liability,Uncapped Liability,True,True,False,Uncapped Liability,1.0,"Except with respect to any claim or liability arising from an infringement of any third party intellectual property right, in no event shall either party be liable for any special, indirect, consequential, punitive or incidental damages of any kind."
EuromediaHoldingsCorp_20070215_10SB12G_E,Cap On Liability,Cap On Liability,True,True,False,Cap On Liability,1.0,"Except with respect to any claim or liability arising from an infringement of any third party intellectual property right, in no event shall either party be liable for any special, indirect, consequential, punitive or incidental damages of any kind"
EuromediaHoldingsCorp_20070215_10SB12G_E,Anti-Assignment,Anti-Assignment,True,True,False,Anti-Assignment,0.9824,"This Agreement may not be assigned, sold or transferred without the prior written consent of the other party. | Notwithstanding the foregoing, Rogers may, without consent, assign its rights and obligations under this Agreement in whole or in part to: (i) a person that directly or indirectly controls, is controlled by or is under common control with Rogers; or (ii) a purchaser of all or substantially all of the assets used in connection with the ROD Service. A change of control of Rogers shall not be considered an assignment of this Agreement. | Any purported assignment, sale, or transfer in contravention of this Section shall be null and void."
EuromediaHoldingsCorp_20070215_10SB12G_E,Termination For Convenience,Termination For Convenience,True,True,False,Termination For Convenience,1.0,"Notwithstanding any other provision of this Agreement, Rogers may terminate this Agreement, at any time, upon sixty (60) days' prior written notice to Licensor."
GopageCorp_20140221_10-K_EX-10.1_8432966,Uncapped Liability,Uncapped Liability,True,True,False,Uncapped Liability,1.0,"The provisions of Section 9.1 and Section 9.2 will not apply to limit the Licensee's indemnification obligations under Section 8.2, or in the case of Licensee's gross negligence or wilful misconduct."
GopageCorp_20140221_10-K_EX-10.1_8432966,Cap On Liability,Cap On Liability,True,True,False,Cap On Liability,0.962,"NEITHER PARTY SHALL BE LIABLE UNDER OR IN CONNECTION WITH THIS AGREEMENT FOR INDIRECT, INCIDENTAL, CONSEQUENTIAL, LIQUIDATED, SPECIAL OR EXEMPLARY DAMAGES OR PENALTIES, INCLUDING WITHOUT LIMITATION, LOSSES OF BUSINESS, REVENUE OR ANTICIPATED PROFITS, REGARDLESS OF WHETHER SUCH DAMAGE WAS FORESEEABLE AND WHETHER LICENSOR HAS BEEN ADVISED OF THE POSSIBILITY OF SUCH DAMAGES. | EACH PARTY'S LIABILITY ARISING OUT OF OR RELATED TO THIS AGREEMENT WILL NOT EXCEED AN AMOUNT EQUAL TO THE AGGREGATE AMOUNTS PAID OR PAYABLE TO LICENSOR IN THE TWELVE (12) MONTHS PRECEDING THE COMMENCEMENT OF THE CLAIM."
GopageCorp_20140221_10-K_EX-10.1_8432966,Anti-Assignment,Anti-Assignment,True,True,False,Anti-Assignment,1.0,"Any purported assignment, delegation or transfer in violation of this Section 11.7 is void from the outset and shall be of no force or effect. | Licensee shall not assign or otherwise transfer any of its rights, or delegate or otherwise transfer any of its obligations or performance, under this Agreement, in each case whether voluntarily, involuntarily, by operation of law or otherwise, without Licensor's prior written consent."
GopageCorp_20140221_10-K_EX-10.1_8432966,Change Of Control,Change Of Control,True,True,False,Change Of Control,1.0,"For purposes of the preceding sentence, and without limiting its generality, any merger, consolidation or reorganization involving Licensee (regardless of whether Licensee is a surviving or disappearing entity) will be deemed to be a transfer of rights, obligations or performance under this Agreement for which Licensor's prior written consent is required."
IdeanomicsInc_20160330_10-K_EX-10.26_951,Uncapped Liability,Uncapped Liability,True,True,False,Uncapped Liability,1.0,"EXCEPT FOR THE ABOVE INDEMNIFICATION OBLIGATIONS AND FOR BREACHES OF SECTION 14, NEITHER PARTY SHALL BE LIABLE TO THE OTHER FOR ANY INCIDENTAL, CONSEQUENTIAL, SPECIAL OR PUNITIVE DAMAGES ARISING OUT OF THIS AGREEMENT (INCLUDING, BUT NOT LIMITED TO, LOSS OF PROFITS), WHETHER IN AN ACTION OR ARISING OUT OF BREACH OF CONTRACT, TORT OR ANY OTHER CAUSE OF ACTION EVEN IF SUCH PARTY HAS BEEN ADVISED OF THE POSSIBILITY OF SUCH DAMAGES."
IdeanomicsInc_20160330_10-K_EX-10.26_951,Cap On Liability,Uncapped Liability,False,False,False,Uncapped Liability,1.0,"EXCEPT FOR THE ABOVE INDEMNIFICATION OBLIGATIONS AND FOR BREACHES OF SECTION 14, NEITHER PARTY SHALL BE LIABLE TO THE OTHER FOR ANY INCIDENTAL, CONSEQUENTIAL, SPECIAL OR PUNITIVE DAMAGES ARISING OUT OF THIS AGREEMENT (INCLUDING, BUT NOT LIMITED TO, LOSS OF PROFITS), WHETHER IN AN ACTION OR ARISING OUT OF BREACH OF CONTRACT, TORT OR ANY OTHER CAUSE OF ACTION EVEN IF SUCH PARTY HAS BEEN ADVISED OF THE POSSIBILITY OF SUCH DAMAGES."
IdeanomicsInc_20160330_10-K_EX-10.26_951,Anti-Assignment,Anti-Assignment,True,True,False,Anti-Assignment,0.9273,"Except as otherwise specified in the previous sentence, Licensee may not sublicense any of its rights under Section 2(a) [License Grant] without Licensor's prior written consent, which shall not be unreasonably withheld or delayed. | Licensee shall have the right to assign or sublicense any or all of its rights granted under this Agreement, in whole or in part, to third parties exhibiting the Titles in the ordinary course of Licensee's business with prior written notice to Licensor and subject to the applicable limitations (if any) in Section 2(a)(i) [License Grant] | Neither party may assign its rights, duties or obligations under this Agreement to any third party in whole or in part, without the other party's prior written consent, except that (i) Licensee may assign its rights and obligations to this Agreement to any of its Affiliate or subsidiaries with the prior written consent of the Licensor, and (ii) Licensor may assign its rights and obligations in this Agreement to its Affiliates or subsidiaries and either party may assign this Agreement in its entirety to any purchaser of all or substantially all of its business or assets pertaining to the line of business to which this Agreement relates or to any Affiliate of the party without the other party's approval."
IdeanomicsInc_20160330_10-K_EX-10.26_951,Irrevocable Or Perpetual License,Irrevocable Or Perpetual License,True,False,True,License Grant,0.8256,"In exchange for the Share Consideration, Licensor hereby grants to Licensee a non-exclusive, royalty-free, perpetual and non-perpetual license (subject to the duration and scope, and format limitations for which Licensor has the rights to each Title as specified in Schedule A1-A6 of Schedule A) to:

i. license, exhibit, distribute, reproduce, transmit, perform, display, and otherwise exploit and make available each Title within the Territory in any language by VOD (including SVOD, TVOD, AVOD and free VOD) for Internet, TV and mobile platforms (including, but not limited to, OTT streaming services, Sites and Mobile Sites), subject to these limitations for each of the Title in Schedule A1-A6:

1) For Titles listed in Schedule A1-A2:

Licensor can only grant Licensee distribution rights to up to six (6) MSOs plus two (2) of China's Internet TV license holders or their OTT Internet-based video partners by VOD (including SVOD, TVOD, AVOD and free VOD). China's current Internet TV license holders include: CNTV (中国网络电视台/未来电视), BesTV (百视通), Wasu (华数), Southern Media Cooperation (南方传媒), Hunan TV (芒果 TV), China National Radio/Galaxy Internet TV (GITV) (银河电视), and China Radio International (中国国际 广播电台);<omitted>2) For Titles listed in Schedule A3:

For ""天下女人"": No satellite TV broadcasting rights granted. Titles other than ""猜 猜女人心"", ""赏深越慕"" ,  ""职场新女性挑战行动"", "" 杨澜访谈录""  (自第192期及以后的节 目),""人生相对论 "", "" 天下女人"", and ""正青春"" cannot be edited in any way;

3) For Titles listed in Schedule A4:

Other than the versions (dubbed or translated) in which the Titles in Schedule A4 already exist in (and were delivered in), no further dubbing, translation, or editing may be performed by any party on Schedule A4's Titles.

4) For Titles listed in Schedule A5 (except ""Summer in February""):

Limitations on Rights Granted: the following distribution methods are permitted: non-theatrical, public video, ship and hotel rights (all not earlier than the US theatrical release); home video rental, home video sell through, and commercial video rights (all not earlier than the US video release); cable TV (pay & free), terrestrial TV (pay & free), satellite pay TV; internet TV (pay & free), residential and non-residential pay-per-view, residential and non-residential internet pay-per-view, VOD, near VOD, and internet VOD (all no earlier than the corresponding exploitation in the USA). | Sections 2(a) [License Grant], 2(b) [Sublicensing], 2(c) [Display of Titles], 2(d) [Removal of Titles], 3, and 11 shall survive the expiration or termination of this Agreement: (i) in perpetuity with respect to Titles for which the licenses granted in Section 2(a) [License Grant] are perpetual; and (ii) for the duration of the applicable license term specified in Schedule A with respect to Titles for which the license term specified in Schedule A extends beyond the expiration or termination of this Agreement."
DeltathreeInc_19991102_S-1A_EX-10.19_622,Cap On Liability,Cap On Liability,True,True,False,Cap On Liability,0.9502,"THE LIABILITY OF DELTATHREE FOR DAMAGES OR ALLEGED DAMAGES HEREUNDER, WHETHER IN CONTRACT, TORT OR ANY OTHER LEGAL THEORY, IS LIMITED TO, AND WILL NOT EXCEED, PRIMECALL'S DIRECT DAMAGES. | THE LIABILITY OF PRIMECALL FOR DAMAGES OR ALLEGED DAMAGES HEREUNDER, WHETHER IN CONTRACT, TORT OR ANY OTHER LEGAL THEORY, IS LIMITED TO, AND WILL NOT EXCEED, DELTATHREE'S DIRECT DAMAGES. | IN NO EVENT SHALL PRIMECALL BE LIABLE TO DELTATHREE FOR ANY SPECIAL, INCIDENTIAL OR CONSEQUENTIAL DAMAGES, INCLUDING, WITHOUT LIMITATION, LOSS OF PROFITS, REVENUES OR DATA WHETHER BASED ON BREACH OF CONTRACT, TORT OR OTHERWISE, WHETHER OR NOT DELTATHREE HAS BEEN ADVISED OF THE POSSIBILITY OF SUCH DAMAGE. | IN NO EVENT SHALL DELTATHREE BE LIABLE TO PRIMECALL FOR ANY SPECIAL, INCIDENTIAL OR CONSEQUENTIAL DAMAGES, INCLUDING, WITHOUT LIMITATION, LOSS OF PROFITS, REVENUES OR DATA WHETHER BASED ON BREACH OF CONTRACT, TORT OR OTHERWISE, WHETHER OR NOT PRIMECALL HAS BEEN ADVISED OF THE POSSIBILITY OF SUCH DAMAGE."
DeltathreeInc_19991102_S-1A_EX-10.19_622,Anti-Assignment,Anti-Assignment,True,True,False,Anti-Assignment,1.0,"Except as provided in the preceding sentence, this Agreement may not be assigned by PrimeCall without the prior written consent of DeltaThree. | This Agreement may not be assigned by DeltaThree without the prior written consent of PrimeCall."
DeltathreeInc_19991102_S-1A_EX-10.19_622,Change Of Control,Change Of Control,True,True,False,Change Of Control,0.819,"The term of this Agreement shall be effective as of the date first stated above and shall continue for a term of three (3) years, unless terminated earlier in accordance with the provisions of this Agreement (the ""Term""); provided, however, that PrimeCall may elect to terminate this Agreement, upon thirty (30) days' written notice, at any time from and after the time that collectively RSL Communications, Ltd. and/or its Affiliates holds less than fifty percent (50%) of the voting control of DeltaThree's outstanding shares."
EdietsComInc_20001030_10QSB_EX-10.4_2606,Uncapped Liability,Uncapped Liability,True,True,False,Uncapped Liability,0.9832,"THE LIMITATIONS ON LIABILITY FOR DAMAGES SET FORTH IN THIS AGREEMENT SHALL BE INAPPLICABLE TO EACH PARTY'S CONTRACTUAL OBLIGATION TO INDEMNIFY THE OTHER PARTY AS SET FORTH IN SECTIONS 2.6 AND 13. | EXCEPT FOR BREACHES OF SECTION 11 OR BREACHES OF ANY LICENSE GRANT SET FORTH IN THIS AGREEMENT, IN NO EVENT WILL EITHER PARTY BE LIABLE TO THE OTHER FOR ANY SPECIAL, INCIDENTAL, INDIRECT OR CONSEQUENTIAL DAMAGES, WHETHER BASED ON BREACH OF CONTRACT, TORT (INCLUDING NEGLIGENCE) OR OTHERWISE, WHETHER OR NOT THAT PARTY HAS BEEN ADVISED OF, KNEW, OR SHOULD HAVE KNOWN OF, THE POSSIBILITY OF SUCH DAMAGE AND NOTWITHSTANDING THE FAILURE OF ESSENTIAL PURPOSE OF ANY LIMITED REMEDY."
EdietsComInc_20001030_10QSB_EX-10.4_2606,Cap On Liability,Cap On Liability,True,True,False,Cap On Liability,0.9717,"Each party agrees that the sole and exclusive remedy for a breach of the warranties set forth in this Section 12 shall be the indemnification set forth in Section 13 below. | EXCEPT FOR BREACHES OF SECTION 11 OR BREACHES OF ANY LICENSE GRANT SET FORTH IN THIS AGREEMENT, IN NO EVENT WILL EITHER PARTY BE LIABLE TO THE OTHER FOR ANY SPECIAL, INCIDENTAL, INDIRECT OR CONSEQUENTIAL DAMAGES, WHETHER BASED ON BREACH OF CONTRACT, TORT (INCLUDING NEGLIGENCE) OR OTHERWISE, WHETHER OR NOT THAT PARTY HAS BEEN ADVISED OF, KNEW, OR SHOULD HAVE KNOWN OF, THE POSSIBILITY OF SUCH DAMAGE AND NOTWITHSTANDING THE FAILURE OF ESSENTIAL PURPOSE OF ANY LIMITED REMEDY."
EdietsComInc_20001030_10QSB_EX-10.4_2606,Non-Compete,Non-Compete,True,True,False,Non-Compete,0.9284,"During the Term, (a) Women.com will not buy, sell, display, distribute advertising from (including, but not limited to, banner ads, buttons, badges, text links, hyperlinks or editorial mentions) or otherwise promote a Competitive Company on any page of the Diet Center;<omitted>(c) Women.com will not enter into a relationship with a Competitive Company that involves any of the following; (i) custom developed mini or micro web sites; (ii) content integration; (iii) discounts offered only to Women.com members on the Member Central page of the Women.com Sites; (iv) editorial endorsement (such as<omitted>""Brought to you by...."") or fixed placement of 468x60 (top) and 125x365 (side) banners within eight (8) of the Content Features selected by eDiets; and (v) anchor sponsorship in any multi-sponsor Women.com promotion."
EdietsComInc_20001030_10QSB_EX-10.4_2606,Anti-Assignment,Anti-Assignment,True,True,False,Anti-Assignment,0.9859,"Any attempt to assign this Agreement other than as permitted above will be null and void. | Neither party may assign this Agreement, in whole or in part, without the other party's written consent (which will not be unreasonably delayed or withheld), except that no such consent will be required in connection with an assignment or transfer of this Agreement to (a) a party's successor in connection with a Change in Control of such party, provided that such successor is not a competitor of the other party, or (b) to any entity that is<omitted>controlled by, under common control with, or controls a party."
EdietsComInc_20001030_10QSB_EX-10.4_2606,Change Of Control,Change Of Control,True,True,False,Change Of Control,0.9723,"For purposes of this Agreement, ""Change in Control"" means a merger or consolidation of the party with, or any sale of all or substantially all of the assets of such party to, any other person, corporation or entity, unless as a result of such merger, consolidation or sale of assets the holders of such party's voting securities prior thereto hold at least fifty percent (50%) of the total voting power represented by the voting securities of the surviving or successor corporation after such transaction."
EdietsComInc_20001030_10QSB_EX-10.4_2606,Covenant Not To Sue,Covenant Not To Sue,True,True,False,Covenant Not To Sue,0.9966,"At no time during the term of the Agreement or thereafter shall eDiets attack, challenge or file any application with respect to any Women.com Mark. | At no time during the term of the Agreement or thereafter shall Women.com attack, challenge or file any application with respect to any eDiets Mark. | Women.com acknowledges that eDiets owns all right, title and interest in and to the eDiets Content, and Women.com shall not now or in the future contest the validity of the eDiets' ownership rights in and to the eDiets Content."
IntegrityMediaInc_20010329_10-K405_EX-10,Anti-Assignment,Anti-Assignment,True,True,False,Anti-Assignment,0.8622,"Either party may, at its election, assign this Agreement or          any of its rights or delegate any of its obligations hereunder, in          whole or in part, to any person, firm or corporation owning or          acquiring all or a substantial portion of its assets, to any person,          firm or corporation that is related to it as an affiliate,<omitted>subsidiary or otherwise, or to any person, firm or corporation into          which or with it might merge or consolidate. | In the event of such an<omitted>assignment by either party of its rights to an unrelated third party,          the other party shall be given written notice, then in such event the          other party may upon six-months (6-months) written notice terminate          this Agreement."
IntegrityMediaInc_20010329_10-K405_EX-10,Covenant Not To Sue,Covenant Not To Sue,True,True,False,Covenant Not To Sue,0.9886,Integrity recognizes TL's title to the                   TL Trademarks and will not at any time do or suffer to be done                   any act or thing which will in any way impair TL's rights in                   and to the TL Trademarks. | TL recognizes Integrity's title                   to the Integrity Trademarks and will not at any time do or                   suffer to be done any act or thing which will in any way                   impair Integrity's rights in and to the Integrity Trademarks.
MusclepharmCorp_20170208_10-KA_EX-10.38_,Cap On Liability,Cap On Liability,True,True,False,Cap On Liability,1.0,"IN NO EVENT SHALL THE AS PARTIES BE LIABLE FOR SPECIAL, CONSEQUENTIAL, OR PUNITIVE DAMAGES. | In no event shall the AS Parties' indemnification obligations to MusclePharm hereunder exceed the after-tax value of the Cash Consideration received by Lender under this Agreement."
MusclepharmCorp_20170208_10-KA_EX-10.38_,Non-Compete,Non-Compete,True,True,False,Non-Compete,0.9633,"Products. Any failure of Endorser to disclose such conflicting interests, or any breach of this Section, shall be deemed a material breach of the Agreement. | Endorser's duty not to compete with the business of MusclePharm shall continue for a period of one year following the expiration or termination of this Agreement. | Endorser's duty not to compete with the business of MusclePharm shall continue for a period of one year following the expiration or termination of this Agreement. Endorser's non-competition obligation shall not be required in the event of a material breach of this Agreement by MusclePharm. | Endorser shall not use or provide endorsements or testimonials for products that compete with MusclePharm Products or the Licensed Products."
MusclepharmCorp_20170208_10-KA_EX-10.38_,Anti-Assignment,Anti-Assignment,True,True,False,Anti-Assignment,0.929,"Any attempted assignment or transfer by a party of their rights and/or obligations without such consent shall be void. | The license granted by this Agreement is personal to MusclePharm. | Neither party shall voluntarily or by operation of law assign or otherwise transfer the rights and/or obligations incurred pursuant to the terms of this Agreement without the prior written consent of the other party. | This Agreement may also be terminated by MusclePharm, upon fifteen days prior written notice, if death, or physical disability, physical injury, or other incapacity lasting more than eight (8) weeks, causes Endorser to be unable to perform a material amount of the personal or consulting services described in this Agreement. | Except as set forth below, MusclePharm shall not assign or otherwise transfer, license, sublicense, or delegate any rights or obligations under this Agreement without the express prior written consent of the AS Parties."
MusclepharmCorp_20170208_10-KA_EX-10.38_,Change Of Control,Change Of Control,True,True,False,Change Of Control,0.9838,"Nothwithstanding the foregoing, this Agreement may be assigned without the AS Parties' consent by MusclePharm in connection with a change of control transaction; provided that the acquirer of MusclePharm shall have financial resources substantially similar or greater than MusclePharm and shall specifically assume the obligations of MusclePharm under this Agreement in writing prior to the consummation of the change of control transaction. | Neither party shall voluntarily or by operation of law assign or otherwise transfer the rights and/or obligations incurred pursuant to the terms of this Agreement without the prior written consent of the other party."
MusclepharmCorp_20170208_10-KA_EX-10.38_,Ip Ownership Assignment,Ip Ownership Assignment,True,True,False,Ip Ownership Assignment,0.9088,"All such works based upon the Trademarks and/or Name and Appearance Rights shall be prepared by an employee-for- hire of MusclePharm (under MusclePharms's sole supervision, responsibility, and monetary obligation) or as a work-for-hire by a third party who assigns to the AS Parties in writing and in perpetuity throughout the universe all right, title, and interest in the same provided however, nothing herein shall preclude MusclePharm from using any of the intellectual property to be retained by MusclePharm contemplated pursuant to Section 9(f) of this Agreement after the termination of this Agreement. | MusclePharm agrees that any copyrights in works created based upon the Trademarks and/or Name and Appearance Rights shall become the rights of the AS Parties (as among them to be determined among them) | MusclePharm irrevocably and unconditionally transfers and assigns to the AS Parties in perpetuity and throughout the universe any and all of MusclePharm's right, title, and interest, if any (including, without limitation, the rights generally known as 'moral rights') in and to all works, including any packaging, advertising and promotional materials, and other materials based upon the Trademarks and/or Name and Appearance Rights, all of which shall, upon their creation, become and remain the property of the AS Parties."
MusclepharmCorp_20170208_10-KA_EX-10.38_,Covenant Not To Sue,Covenant Not To Sue,True,True,False,Covenant Not To Sue,1.0,"During the Term and after expiration or termination of this Agreement, MusclePharm shall not contest or otherwise challenge or attack the AS Parties' rights in the Trademarks or Name and Appearance Rights or the validity of the license being granted herein."
TomOnlineInc_20060501_20-F_EX-4.46_74970,Uncapped Liability,Uncapped Liability,True,True,False,Uncapped Liability,0.8601,"THE PARTIES ACKNOWLEDGE AND AGREE THAT NOTHING IN THIS SECTION 12.2 SHALL LIMIT A PARTY'S OBLIGATION TO PAY ANY AMOUNTS DUE AND OWING TO THE OTHER PARTY UNDER SECTION 5 ON OR BEFORE ANY DATE OF EXPIRATION OR TERMINATION HEREOF. | TO THE MAXIMUM EXTENT PERMISSIBLE UNDER APPLICABLE LAW, EXCEPT FOR THE WILFUL MISAPPROPRIATION OR INFRINGEMENT OF THE INTELLECTUAL PROPERTY OF A PARTY TO THIS AGREEMENT, OR THE OBLIGATIONS OF THE PARTIES TO THIS AGREEMENT PURSUANT TO SECTION 13, (A) THE LIABILITY OF ANY PARTY TO THIS AGREEMENT, IF ANY, FOR DAMAGES FOR ANY CLAIM OF ANY KIND WHATSOEVER AND REGARDLESS OF THE LEGAL THEORY, WITH REGARD TO THE RIGHTS GRANTED HEREUNDER OR THE SERVICES PERFORMED HEREUNDER, SHALL NOT INCLUDE COMPENSATION, REIMBURSEMENT OR DAMAGES ON ACCOUNT OF THE LOSS OF PRESENT OR PROSPECTIVE PROFITS, EXPENDITURES, DATA, OPPORTUNITY, ANTICIPATED SAVINGS, INVESTMENTS OR COMMITMENTS, WHETHER MADE IN ESTABLISHMENT, DEVELOPMENT OR MAINTENANCE OF REPUTATION OR GOODWILL OR FOR ANY OTHER REASON WHATSOEVER; AND (B) IN NO EVENT SHALL ANY PARTY TO THIS AGREEMENT BE LIABLE TO THE OTHER PARTIES TO THIS AGREEMENT FOR SPECIAL, INDIRECT, CONSEQUENTIAL, INCIDENTAL, PUNITIVE OR CONSEQUENTIAL DAMAGES."
TomOnlineInc_20060501_20-F_EX-4.46_74970,Cap On Liability,Cap On Liability,True,True,False,Cap On Liability,0.8733,"TO THE MAXIMUM EXTENT PERMISSIBLE UNDER APPLICABLE LAW, EXCEPT FOR THE WILFUL MISAPPROPRIATION OR INFRINGEMENT OF THE INTELLECTUAL PROPERTY OF A PARTY TO THIS AGREEMENT, OR THE OBLIGATIONS OF THE PARTIES TO THIS AGREEMENT PURSUANT TO SECTION 13, (A) THE LIABILITY OF ANY PARTY TO THIS AGREEMENT, IF ANY, FOR DAMAGES FOR ANY CLAIM OF ANY KIND WHATSOEVER AND REGARDLESS OF THE LEGAL THEORY, WITH REGARD TO THE RIGHTS GRANTED HEREUNDER OR THE SERVICES PERFORMED HEREUNDER, SHALL NOT INCLUDE COMPENSATION, REIMBURSEMENT OR DAMAGES ON ACCOUNT OF THE LOSS OF PRESENT OR PROSPECTIVE PROFITS, EXPENDITURES, DATA, OPPORTUNITY, ANTICIPATED SAVINGS, INVESTMENTS OR COMMITMENTS, WHETHER MADE IN ESTABLISHMENT, DEVELOPMENT OR MAINTENANCE OF REPUTATION OR GOODWILL OR FOR ANY OTHER REASON WHATSOEVER; AND (B) IN NO EVENT SHALL ANY PARTY TO THIS AGREEMENT BE LIABLE TO THE OTHER PARTIES TO THIS AGREEMENT FOR SPECIAL, INDIRECT, CONSEQUENTIAL, INCIDENTAL, PUNITIVE OR CONSEQUENTIAL DAMAGES. | THE FOREGOING PROVISIONS OF THIS SECTION 13.5 STATE THE ENTIRE LIABILITY AND THE EXCLUSIVE REMEDY OF THE PARTIES TO THIS AGREEMENT WITH RESPECT TO INFRINGEMENT OR ALLEGED INFRINGEMENT OF INTELLECTUAL PROPERTY RIGHTS."
TomOnlineInc_20060501_20-F_EX-4.46_74970,Non-Compete,Non-Compete,True,True,False,Non-Compete,0.8049,"Notwithstanding any portion of the foregoing to the contrary, the Non-Competition Period shall terminate prior to the End Date, and for the avoidance of doubt, no party shall be obligated to comply with the restrictions set out in Section 8.1 after the termination of the Non-Competition Period: | Each Party agrees that, from the Effective Date and through the three (3) month period (""Enterprise Non-Competition Period"") immediately following the date (""Enterprise Launch Date"") that Skype launches an enterprise version of the Skype Software primarily targeted for non-Consumer customers (""Enterprise Skype Software""), no Party, nor any of their respective Subsidiaries, will (i) discuss, negotiate or enter into (whether verbal or in writing) with any third Person or other third party (""Other Party"") any understanding, arrangement, or memorandum of understanding, letter of intent, agreement or any other documents (whether or not legally binding); and/or (ii) voluntarily accept or solicit any offer made by any Other Party in respect of or in relation to, (a) in the case of Skype, an enterprise co-branded Internet-based application in simplified Chinese that is focused on, and targeted primarily at, non-Consumers within the PRC, and that is substantially similar in functionality and features as the Enterprise Skype Software, and (b) in the case of Online BVI, Tom Holding and the Company, any voice over internet protocol and/or instant messaging products or services that compete or are likely to compete with the Enterprise Skype Software | Each Party agrees that, for a period of five years (""Non-Competition Period"") from the Effective Date (""End Date""), no Party, nor any of their respective Affiliates, will enter into an agreement with any third party, or otherwise carry on any business, directly or indirectly, which is focused on, and targets, primarily Consumers within the PRC, and (i) in the case of Skype and Skype Holding, which provides for a co-branded Internet-based application in simplified Chinese similar in functionality and features as the Company-Skype Branded Application (as may be updated or upgraded from time to time) (and for the avoidance of doubt, a co-branded Internet-based application in simplified Chinese shall be similar in functionality and features as the Company-Skype Branded Application only in the event such application is a customized co-branded version of the Skype Software having one or more functionality or features contained in the Company-Skype Branded Application), or provides for distribution in the PRC of the Skype Software in simplified Chinese by a Primarily PRC Based Service Provider; and (ii) in the case of Online BVI, Tom Holding and the Company, which provides for any voice over internet protocol and/or instant messaging products or services that compete or are likely to compete with the Skype Software."
TomOnlineInc_20060501_20-F_EX-4.46_74970,Anti-Assignment,Anti-Assignment,True,True,False,Anti-Assignment,0.9855,"Notwithstanding the foregoing, upon the prior written approval of Online BVI, which approval may be withheld in its sole discretion, the Company shall be permitted to sublicense its rights hereunder to a wholly-owned Subsidiary of the Company or a majority-owned Subsidiary of Tom Holding, for the same purpose and under the same terms and conditions as the license set forth herein. | This Agreement may not be assigned by a party to this Agreement to any other Person without the express written approval of the other parties to this Agreement and any attempt at assignment in violation of this section shall be null and void."
TomOnlineInc_20060501_20-F_EX-4.46_74970,Change Of Control,Change Of Control,True,True,False,Change Of Control,1.0,"Notwithstanding the foregoing, Skype or Skype Holding may assign this Agreement to a third party without such consent in the event of a merger, reorganization or sale of all or substantially all of Skype's or Skype Holding's assets or voting securities, provided that written notice of such assignment is delivered to Online BVI and the Company and the assignee assumes all the responsibilities and obligations provided herein."
TomOnlineInc_20060501_20-F_EX-4.46_74970,Ip Ownership Assignment,Ip Ownership Assignment,True,True,False,Ip Ownership Assignment,0.9064,"if such rights comprise (i) intellectual property that constitutes predominantly communication software or related communication hardware or other technology, including without limitation, any upgrades and Improvements thereof, or (ii) any ""user"" names, and other ""user profile"" information included within the Company-Skype Branded Application (i.e., dates of birth, addresses, languages spoken, etc.), of Company-Skype Branded Customers collected as part of the registration process for the Company-Skype Branded Application (it being understood that Skype will make such user information available to Online BVI and the Company for use consistent with the applicable privacy policies and the EULA) and any database incorporating the same, then such rights shall be owned exclusively by Skype and neither Online BVI nor the Company will grant, nor claim for itself or its affiliated entities, independent contractors, or employees, either expressly or impliedly, any rights, title, interest, or licenses to such rights and each assigns to Skype, with full title guarantee, all copyrights, patents, trade marks, service marks, rights of publicity, authors' rights, contract and licensing rights, goodwill and all other intellectual property rights in and to the same as may exist now and/or hereafter come into existence and arising under the laws of any jurisdiction for the entire term of such rights and all renewals, revivals and extensions thereof. | The right, title and interest in and to the Company-Skype Branded Content shall be owned by Skype to the extent made up of the Skype Rights which have been integrated into the Company-Skype Branded Content, and by the Online Group to the extent made up of the Group Rights which have been integrated into the Company-Skype Branded Content. | The Company and Online BVI each assign to Skype, with full title guarantee, all copyrights, patents, trade marks, service marks, rights of publicity, authors' rights, contract and licensing rights, goodwill and all other intellectual property rights in and to the foregoing translations as may exist now and/or hereafter come into existence and arising under the laws of any jurisdiction for the entire term of such rights and all renewals, revivals and extensions thereof. | if such rights comprise any data specifically provided to the Group by Customers during the billing process (""Billing Data""), then such rights shall be owned exclusively by the Online Group and neither Skype nor the Company will grant, nor claim for itself or its affiliated entities, independent contractors, or employees, either expressly or impliedly, any rights, title, interest, or licenses to such rights and each assigns to Online BVI, with full title guarantee, all copyrights, patents, trade marks, service marks, rights of publicity, authors' rights, contract and licensing rights, goodwill and all other intellectual property rights in and to the same as may exist now and/or hereafter come into existence and arising under the laws of any jurisdiction for the entire term of such rights and all renewals, revivals and extensions thereof."
ConformisInc_20191101_10-Q_EX-10.6_11861,Uncapped Liability,Uncapped Liability,True,True,False,Uncapped Liability,1.0,"EXCEPT FOR [**], IN NO EVENT WILL EITHER PARTY BE LIABLE TO THE   OTHER PARTY FOR [**], EVEN IF SUCH PARTY WAS ADVISED OR AWARE OF THE POSSIBILITY OF SUCH   DAMAGES."
ConformisInc_20191101_10-Q_EX-10.6_11861,Cap On Liability,Cap On Liability,True,True,False,Cap On Liability,0.9195,"Notwithstanding   anything to the contrary, Stryker's sole remedy and Conformis' exclusive liability for breach of Section 3.2 with respect to a   Product or a Stryker Product shall be as set forth in Section 10.1(i) of the Distribution Agreement. | Such termination, together with the provisions of Section 5.2 of the License Agreement,   constitutes as Stryker's sole remedy and Conformis' exclusive liability in the event of any such rejection or failure by Conformis to   deliver materially conforming Deliverables hereunder so long as such rejection or failure does not arise from Conformis' fraud,   willful misconduct, gross negligence or bad faith. | CONFORMIS' LIABILITY ON A PER OCCURRENCE BASIS UNDER SECTION 7.3(A)(IV) SHALL NOT   EXCEED THE GREATER OF (I) $[**] AND (II) THE AMOUNT OF INSURANCE COVERAGE ACTUALLY PAID TO   CONFORMIS UNDER THEN-CURRENT INSURANCE POLICIES OF CONFORMIS IN RESPECT OF SUCH   DAMAGES. | EXCEPT FOR [**], IN NO EVENT WILL EITHER PARTY BE LIABLE TO THE   OTHER PARTY FOR [**], EVEN IF SUCH PARTY WAS ADVISED OR AWARE OF THE POSSIBILITY OF SUCH   DAMAGES."
ConformisInc_20191101_10-Q_EX-10.6_11861,Anti-Assignment,Anti-Assignment,True,True,False,Anti-Assignment,0.8194,"To the extent working with Agents or other Third Parties is permitted under the R&D Work   Plan, should a Party wish to engage an Agent or any other Third Party in connection with the R&D Work Plan or any other work   under this Agreement, such Party must obtain in advance a written agreement by such Agent or other Third Party (i) to assign to   the Party all Inventions conceived, created or generated by the Agent or other Third Party, and (ii) to maintain all Confidential   Information in confidence as set forth in Section 5.2. | Except as otherwise provided herein, a Party shall not have the right to   assign any of its rights or obligations under this Agreement (whether through a merger, sale of stock, or otherwise) without the   prior written consent of the other Party; except that, either Party shall be permitted, without any need for the other Party's   consent, to assign this Agreement (a) in whole or in part to an Affiliate (provided, however, that once such Person is no longer an   Affiliate of the assigning Party, such former Affiliate shall assign this Agreement back to the assigning Party), provided that the   assigning Party provides the other Party notice of any such assignment provided further that failure to provide such notice of such   assignment shall not render such assignment void; or (b) to a Third Party in connection with sale or transfer of all or substantially all   of the assigning Party's business or assets relating to the subject matter of this Agreement, whether by Change of Control, merger,   sale of assets or otherwise; provided, however, that, with respect to clause (b), (i) any assignment of this Agreement shall be void   and have no effect unless and until the assignee assumes the<omitted>assigning Party in a written instrument, a copy of which is provided to the other Party; and (ii) any assignment of   this Agreement must be accompanied by a simultaneous assignment of the Other Agreements to the same assignee, and the   assigning Party's interest in the Purchased Assets to the same assignee unless otherwise agreed by Conformis in advance, which   agreement shall not be unreasonably withheld. | Any   assignment not in accordance with this Section 10.2 shall be void."
ConformisInc_20191101_10-Q_EX-10.6_11861,Change Of Control,Anti-Assignment,False,False,False,Anti-Assignment,0.8622,"Except as otherwise provided herein, a Party shall not have the right to   assign any of its rights or obligations under this Agreement (whether through a merger, sale of stock, or otherwise) without the   prior written consent of the other Party; except that, either Party shall be permitted, without any need for the other Party's   consent, to assign this Agreement (a) in whole or in part to an Affiliate (provided, however, that once such Person is no longer an   Affiliate of the assigning Party, such former Affiliate shall assign this Agreement back to the assigning Party), provided that the   assigning Party provides the other Party notice of any such assignment provided further that failure to provide such notice of such   assignment shall not render such assignment void; or (b) to a Third Party in connection with sale or transfer of all or substantially all   of the assigning Party's business or assets relating to the subject matter of this Agreement, whether by Change of Control, merger,   sale of assets or otherwise; provided, however, that, with respect to clause (b), (i) any assignment of this Agreement shall be void   and have no effect unless and until the assignee assumes the<omitted>obligations of the assigning Party in a written instrument, a copy of which is provided to the other Party; and (ii) any assignment of   this Agreement must be accompanied by a simultaneous assignment of the Other Agreements to the same assignee, and the   assigning Party's interest in the Purchased Assets to the same assignee unless otherwise agreed by Conformis in advance, which   agreement shall not be unreasonably withheld."
ConformisInc_20191101_10-Q_EX-10.6_11861,Ip Ownership Assignment,Ip Ownership Assignment,True,True,False,Ip Ownership Assignment,0.8515,"Conformis agrees   to assign and hereby assigns to Stryker all right, title and interest in and to all Improved Stryker Background IP in which ownership   in same has vested in<omitted>Conformis by operation of law or by assignment by its employees or consultants; and to facilitate such assignment to Stryker,   Conformis agrees (i) to regularly ensure that its employees and consultants timely make any appropriate assignments to it of that   which constitutes Improved Stryker Background IP, and (ii) at Stryker's reasonable request, to execute and have its employees   and consultants execute, as necessary, all assignments and any other documentation necessary to perfect title in Stryker of such   Improved Stryker Background IP. | Each Party to whom ownership is to vest in Joint IP by operation of law or by assignment by its employees or Agents agrees   to assign and hereby assigns to the other Party an undivided one-half right, title and interest in and to all Joint IP; and to facilitate   such assignment, the Party possessing such ownership agrees (i) to regularly ensure that its employees and consultants timely make   any appropriate assignments to it; and (ii) at the other Party's reasonable request, to execute and have its employees and   consultants execute, as necessary, all assignments and any other documentation to perfect the undivided one-half right, title and   interest in and to the other Party of such Joint IP."
EtonPharmaceuticalsInc_20191114_10-Q_EX-,Cap On Liability,Cap On Liability,True,True,False,Cap On Liability,1.0,"NOTWITHSTANDING ANYTHING TO THE CONTRARY HEREIN, NEITHER PARTY SHALL BE LIABLE FOR ANY INDIRECT, SPECIAL, INCIDENTAL, CONSEQUENTIAL OR EXEMPLARY DAMAGES, WHETHER FORESEEABLE OR NOT, THAT ARE IN ANY WAY RELATED TO THIS AGREEMENT."
EtonPharmaceuticalsInc_20191114_10-Q_EX-,Non-Compete,Non-Compete,True,True,False,Non-Compete,1.0,"During the Term of this Agreement, and for a period of two (2) years thereafter, Aucta shall not research, develop, manufacture, file, sell, market, or distribute more than two products containing the active ingredient Lamotrigine; nor will Aucta directly or indirectly assist any other Person or entity in carrying or any such activities. [ * * * ]"
EtonPharmaceuticalsInc_20191114_10-Q_EX-,Anti-Assignment,Anti-Assignment,True,True,False,Anti-Assignment,1.0,"The Parties shall not assign, encumber or otherwise transfer this Agreement or any part of it to any Third Party, without the prior written consent of the other Party."
EtonPharmaceuticalsInc_20191114_10-Q_EX-,Change Of Control,Change Of Control,True,True,False,Change Of Control,1.0,"Notwithstanding the foregoing, each Party may assign the rights and obligations under this Agreement in whole, without consent of the other Party, to a Third Party or Affiliate in connection with the transfer or sale of all or substantially all of its business or in the event of a merger, consolidation or change in control provided that the assignee assumes in writing and becomes directly obligated to the other Party to perform all of the obligations of assignor under this Agreement."
EtonPharmaceuticalsInc_20191114_10-Q_EX-,Termination For Convenience,Termination For Convenience,True,True,False,Termination For Convenience,1.0,"ETON has the right to terminate this Agreement after approval of the Dossier or marketing application for the Product (or added new product), at its sole discretion, upon providing one hundred eighty (180) days' written notice to Aucta."
FuelcellEnergyInc_20191106_8-K_EX-10.1_1,Uncapped Liability,Uncapped Liability,True,True,False,Uncapped Liability,0.988,"Notwithstanding anything to the contrary in this Agreement, each Party will bear full responsibility, without limit, for the following:

(i) Gross Negligence or Willful Misconduct attributable to its personnel, and, in no event, will a Party be required to release or indemnify the other Party for Gross Negligence or Willful Misconduct attributable to the other Party; and

(ii) its legal obligations to third parties wherein nothing in this Agreement is intended to impair a party's contribution and indemnity rights under law with respect to third party claims."
FuelcellEnergyInc_20191106_8-K_EX-10.1_1,Cap On Liability,Cap On Liability,True,True,False,Cap On Liability,0.9239,"In no event will either Party be liable to the other Party under this Agreement for any consequential, indirect, special, incidental, punitive or exemplary loss or damage, including, without limitation, business interruption, cost of capital, loss of anticipated revenues and profits, loss of goodwill or increased operating costs, whether arising from contract, warranty, tort, strict liability or otherwise regardless of whether the possibility of such losses or damages have been made known to the first Party, and each Party hereby expressly waives all such rights and remedies, except for breach of any confidentiality or restricted use provisions of this Agreement and except as provided in Paragraph 11.04 (Exceptions to Limitations of Liability)."
FuelcellEnergyInc_20191106_8-K_EX-10.1_1,Non-Compete,Non-Compete,True,True,False,Non-Compete,1.0,"During the Term of this Agreement, FCE will not conduct any Work using Generation 1 Technology in Carbon Capture Applications or any Work using Generation 2 Technology, independently or with third parties outside this Agreement, without prior written approval from ExxonMobil."
FuelcellEnergyInc_20191106_8-K_EX-10.1_1,Anti-Assignment,Anti-Assignment,True,True,False,Anti-Assignment,0.9257,"The Agreement is not assignable, including any assignment by operation of law (including but not limited to as a result of a merger or other corporate action), by either Party without the prior written consent of the other Party. | Notwithstanding the foregoing, ExxonMobil may assign this Agreement to its Affiliates and FCE may assign this Agreement to any of its wholly-owned and wholly-controlled Affiliates, with prior written notice to the other Party, provided that (i) such assignment by FCE shall be void if at any point such Affiliate ceases to be both wholly-owned and wholly- controlled by FCE, (ii) Article 12, including but not limited to Paragraphs 12.03, 12.04 and 12.05, shall be applicable to both FCE and any Affiliate assignee of FCE, and (iii) no assignment pursuant to this sentence will relieve the Parties of their obligations under this Agreement."
FuelcellEnergyInc_20191106_8-K_EX-10.1_1,Change Of Control,Change Of Control,True,True,False,Change Of Control,0.9182,"Subject to requirements of applicable law, FCE will provide notice to ExxonMobil prior to, or promptly after, it becomes aware of any such Change in Control, and if prior notice is prohibited by applicable Law, as soon as practicable or after such notice is no longer prohibited, but in no event later than one (1) business day after any public announcement with respect to any such asset transfer or Change in Control. | ExxonMobil may terminate this Agreement upon fifteen (15) days written notice, without penalty, payment or prejudice to claims and obligations then accrued, if FCE undergoes a Change in Control. | Notwithstanding anything else in this Agreement, in the event of termination under this Paragraph 12.04 ExxonMobil may terminate any licenses granted to FCE under this Agreement that would otherwise survive termination, taking into account the circumstances surrounding the Change in Control."
FuelcellEnergyInc_20191106_8-K_EX-10.1_1,Termination For Convenience,Termination For Convenience,True,True,False,Termination For Convenience,1.0,"Accordingly, either Party may terminate this Agreement or all/part of a Project for any reason and at any time upon giving the other Party sixty (60) days prior written notice."
FuelcellEnergyInc_20191106_8-K_EX-10.1_1,Ip Ownership Assignment,Ip Ownership Assignment,True,True,False,Ip Ownership Assignment,0.9534,"FCE will assign, and hereby assigns, to ExxonMobil ownership of Program Results. | For Program Patents, if one or more employees or other representatives of FCE are determined to be inventors, then FCE will:

(i) cause its employees, contractors, and consultants to render reasonable and timely assistance to ExxonMobil and its attorneys or agents;

(ii) assign, and will cause its and its Affiliates' employees, contractors, and consultants to assign, its right, title, and interest in and to such Program Patent to ExxonMobil for filing; and

(iii) cause its and its Affiliate employees, contractors, and consultants, to execute any documents as may be required to effect such assignments, or file, prosecute, and maintain any patent applications or patents that are based on, derived from, or protect such Program Patent."
FuelcellEnergyInc_20191106_8-K_EX-10.1_1,Irrevocable Or Perpetual License,Irrevocable Or Perpetual License,True,True,False,Irrevocable Or Perpetual License,0.9327,"ExxonMobil grants FCE a worldwide, non-exclusive, royalty-free, perpetual, irrevocable (except as stated in Paragraphs 12.03 (Failure to Perform), 12.04 (Other Termination), and 12.05 (Bankruptcy)), sub-licensable, non-transferable (except pursuant to Article 14 (Assignment)), right and license to practice Program Results solely for Power Applications and Hydrogen Applications. | ExxonMobil grants FCE a worldwide, non-exclusive, royalty-free, non-sub- licensable (except as set forth herein), perpetual, irrevocable (except as stated in Paragraphs 12.03 (Failure to Perform), 12.04 (Other Termination), and 12.05 (Bankruptcy)), non-transferable (except pursuant to Article 14 (Assignment)) right and license to practice ExxonMobil Background Information and ExxonMobil Background Patents for Generation 1 Technology in Carbon Capture Applications, solely to conduct Authorized Work with Authorized Third Parties. | ExxonMobil grants FCE a worldwide, non-exclusive, royalty-free, non-sub-licensable (except as set forth herein), perpetual, irrevocable (except as stated in Paragraphs 12.03 (Failure to Perform), 12.04 (Other Termination), and 12.05 (Bankruptcy)), non- transferable (except pursuant to Article 14 (Assignment)) right and license to practice ExxonMobil Background Information and ExxonMobil Background Patents for Generation 2 Technology in Power Applications and Hydrogen Applications. | ExxonMobil grants FCE a worldwide, non-exclusive, royalty- free, non-sub-licensable (except as set forth herein), perpetual, irrevocable (except as stated in Paragraphs 12.03 (Failure to Perform), 12.04 (Other Termination), and 12.05 (Bankruptcy)), non- transferable (except pursuant to Article 14 (Assignment)) right and license to practice ExxonMobil Background Information and ExxonMobil Background Patents for Generation 1 Technology in any applications outside of Carbon Capture Applications. | To the extent not already granted pursuant to the License Agreement, FCE grants ExxonMobil and its Affiliates a worldwide, non-exclusive, royalty-free, irrevocable, perpetual, sub-licensable, non-transferable (except pursuant to Article 14 (Assignment)) right and license to practice FCE Background Information and FCE Background Patents for Generation 2 Technology in Carbon Capture Applications and Hydrogen Applications."
ReedsInc_20191113_10-Q_EX-10.4_11888303_,Uncapped Liability,Uncapped Liability,True,True,False,Uncapped Liability,0.8663,"EXCEPT WITH RESPECT TO THE INDEMNIFICATION OBLIGATIONS SET FORTH IN SECTION 9 WITH REGARD TO CLAIMS BY THIRD PARTIES, IN NO EVENT SHALL EITHER PARTY BE LIABLE FOR CONSEQUENTIAL, INDIRECT, INCIDENTAL, SPECIAL, EXEMPLARY, PUNITIVE OR ENHANCED DAMAGES, LOST PROFITS OR REVENUES OR DIMINUTION IN VALUE ARISING OUT OF, RELATING TO, OR IN CONNECTION WITH ANY BREACH OF THIS AGREEMENT OR CLAIM HEREUNDER, REGARDLESS OF (A) WHETHER SUCH DAMAGES WERE FORESEEABLE, (B) WHETHER OR NOT IT WAS ADVISED OF THE POSSIBLITY OF SUCH DAMAGES, AND (C) THE LEGAL OR EQUITABLE THEORY (CONTRACT, TORT OR OTHERWISE) UPON WHICH THE CLAIM IS BASED."
ReedsInc_20191113_10-Q_EX-10.4_11888303_,Cap On Liability,Uncapped Liability,False,True,False,Cap On Liability,0.8663,"EXCEPT WITH RESPECT TO THE INDEMNIFICATION OBLIGATIONS SET FORTH IN SECTION 9 WITH REGARD TO CLAIMS BY THIRD PARTIES, IN NO EVENT SHALL EITHER PARTY BE LIABLE FOR CONSEQUENTIAL, INDIRECT, INCIDENTAL, SPECIAL, EXEMPLARY, PUNITIVE OR ENHANCED DAMAGES, LOST PROFITS OR REVENUES OR DIMINUTION IN VALUE ARISING OUT OF, RELATING TO, OR IN CONNECTION WITH ANY BREACH OF THIS AGREEMENT OR CLAIM HEREUNDER, REGARDLESS OF (A) WHETHER SUCH DAMAGES WERE FORESEEABLE, (B) WHETHER OR NOT IT WAS ADVISED OF THE POSSIBLITY OF SUCH DAMAGES, AND (C) THE LEGAL OR EQUITABLE THEORY (CONTRACT, TORT OR OTHERWISE) UPON WHICH THE CLAIM IS BASED."
ReedsInc_20191113_10-Q_EX-10.4_11888303_,Anti-Assignment,Anti-Assignment,True,True,False,Anti-Assignment,1.0,"Company may not assign or transfer its rights or obligations under this Agreement, whether by operation of law, contract or otherwise, without the prior written consent of Reed's, which shall not be unreasonably withheld (it being understood that a purported assignment to a Reed's competitor identified or referred to in Exhibit D of the Manufacturing and Distribution Agreement shall be considered to be a reasonable basis for withholding consent)."
ReedsInc_20191113_10-Q_EX-10.4_11888303_,Ip Ownership Assignment,Ip Ownership Assignment,True,True,False,Ip Ownership Assignment,0.861,"Reed's will exclusively own all Deliverables. | Company acknowledges and agrees that all Intellectual Property created by Company, its affiliates, representatives, or agents in connection with or resulting from any work or services related to the Products, including the Deliverables (""Work Product""), but excluding the Neutral Alcohol Beverage Base and excluding the Company's general know-how and independently developed production processes not specifically related to the Products, have been specially ordered and commissioned by Reed's, are works-made-for-hire from the moment of creation and that all such Work Product is and will be the sole and exclusive property of Reed's. | ompany will and hereby does, without further consideration, irrevocably assign to Reed's any and all worldwide right, title or interest that Company may now or hereafter possess in or to the Deliverables in perpetuity (or the maximum period permitted by Applicable Laws and Regulations) and Reed's accepts such assignment. | To the extent not a work-for- hire, Company, its employees, subcontractors and agents hereby sell, assign and transfer to Reed's all right, title and interest in and to the Work Product, including without limitation, all rights to Intellectual Property therein."
ReedsInc_20191113_10-Q_EX-10.4_11888303_,Covenant Not To Sue,Covenant Not To Sue,True,True,False,Covenant Not To Sue,0.9711,"Reed's shall not at any time acquire any rights, title or interest in Company's Intellectual Property. Reed's agrees that it will not at any time contest the ownership or validity of any Company Intellectual Property, nor register or attempt to register any rights with respect to Company Intellectual Property, nor do anything that would jeopardize or diminish Company's rights to or the value of Company Intellectual Property. | Company agrees that it will not at any time contest the ownership or validity of any Reed's Intellectual Property or Deliverables, nor register or attempt to register any rights with respect to Reed's Intellectual Property, nor do anything that would jeopardize or diminish Reed's rights to or the value of Reed's Intellectual Property or Deliverables."
FuseMedicalInc_20190321_10-K_EX-10.43_11,Non-Compete,Non-Compete,True,True,False,Non-Compete,1.0,"The Distributor shall not:<omitted>act as the agent or the buying agent, for any person for any goods which are competitive with the Product; or"
FuseMedicalInc_20190321_10-K_EX-10.43_11,Anti-Assignment,Anti-Assignment,True,True,False,Anti-Assignment,0.9428,"Without affecting any other rights that it may be entitled to, the Supplier may give notice in writing to the Distributor terminating this agreement immediately if the Distributor purports to assign its rights or obligations under this agreement to an entity that is not (1) affiliated with, (2) related to, or (3) sharing common ownership with the Distributor (a Permitted Assignee). | The Distributor shall not assign, transfer, mortgage, charge, declare a trust of or deal in any other manner with this agreement or any of its rights and obligations under or arising out of this agreement, or purport to do any of the same; provided, however, the Distributor may assign or transfer this agreement to a Permitted Assignee without the consent of Supplier. | The Distributor shall not sub-license, transfer or otherwise deal with the rights of use of the Trade Marks granted under this agreement. | The Distributor shall not sub-contract or delegate in any manner any or all of its obligations under this agreement to any third party or agent."
FuseMedicalInc_20190321_10-K_EX-10.43_11,Covenant Not To Sue,Covenant Not To Sue,True,True,False,Covenant Not To Sue,1.0,"The Distributor shall not do, or omit to do, anything in its use of the Trade Marks that could adversely affect their validity or the goodwill of the Supplier."
GentechHoldingsInc_20190808_1-A_EX1A-6 M,Cap On Liability,Cap On Liability,True,True,False,Cap On Liability,1.0,"IN NO EVENT SHALL EITHER PARTY BE LIABLE TO THE OTHER FOR ANY SPECIAL, INDIRECT, EXEMPLARY OR CONSEQUENTIAL DAMAGES ARISING OUT OF THIS AGREEMENT OR PURCHASE OR USE OF THE PRODUCTS."
GentechHoldingsInc_20190808_1-A_EX1A-6 M,Anti-Assignment,Anti-Assignment,True,True,False,Anti-Assignment,1.0,"Neither Party shall assign, pledge or otherwise transfer any of its rights, interest or obligations hereunder, whether by operation of law or otherwise, without the prior express written consent of the other Party."
GentechHoldingsInc_20190808_1-A_EX1A-6 M,Ip Ownership Assignment,Ip Ownership Assignment,True,True,False,Ip Ownership Assignment,1.0,"Distributor shall assign to Company, without charge, any rights in the trademarks of Company that may inure to the benefit of Distributor pursuant to this Agreement or otherwise."
GentechHoldingsInc_20190808_1-A_EX1A-6 M,Covenant Not To Sue,Covenant Not To Sue,True,True,False,Covenant Not To Sue,0.9543,"Distributor shall not dispute or contest for any reason whatsoever, directly or indirectly, during the term of this Agreement and thereafter, the validity, ownership or enforceability of any of the trademarks of Company, nor directly or indirectly attempt to acquire or damage the value of the goodwill associated with any of the trademarks of Company, nor counsel, procure or assist any third Party to do any of the foregoing | Distributor will not institute any proceedings with respect to the trademarks of Company either in Distributor's own name or on behalf of Company without express written permission of Company."
ImineCorp_20180725_S-1_EX-10.5_11275970_,Cap On Liability,Cap On Liability,True,True,False,Cap On Liability,0.9472,"NO ACTIONS, REGARDLESS OF FORM, ARISING OUT OF THIS AGREEMENT, MAY BE BROUGHT BY DISTRIBUTOR MORE THAN ONE (1) YEAR AFTER THE CAUSE OF ACTION HAS ARISEN. | IN NO EVENT SHALL JRVS BE LIABLE FOR COSTS OF PROCUREMENT OF SUBSTITUTE PRODUCTS OR SERVICES, LOST PROFITS OR ANY CONSEQUENTIAL, SPECIAL, INCIDENTAL, OR INDIRECT DAMAGES, HOWEVER CAUSED AND ON ANY THEORY OF LIABILITY (INCLUDING NEGLIGENCE OR STRICT LIABILITY), ARISING OUT OF THIS AGREEMENT. | In the event of termination by either party in accordance with any of the provisions of this Agreement, neither party shall be liable to the other, because of such termination, for compensation, reimbursement or damages on account of the loss of prospective profits or anticipated sales or on account of expenditures, inventory, investments, leases or commitments in connection with the business or goodwill of either party. | IN NO EVENT SHALL JRVS'S LIABILITY ARISING OUT OF THIS AGREEMENT EXCEED THE AMOUNT RECEIVED BY JRVS FROM THE DISTRIBUTOR HEREUNDER FOR THE PRODUCT GIVING RISE TO THE LIABILITY."
ImineCorp_20180725_S-1_EX-10.5_11275970_,Non-Compete,Non-Compete,True,True,False,Non-Compete,1.0,"The Distributor shall not, during the term of this Agreement, directly or indirectly market, sell, distribute, solicit orders within the Territory for any products which are competitive with the iMine Products unless JRVS consents thereto in writing in advance, based upon the Distributor's full disclosure of the material facts in seeking such consent."
ImineCorp_20180725_S-1_EX-10.5_11275970_,Anti-Assignment,Anti-Assignment,True,True,False,Anti-Assignment,1.0,"The Distributor shall not assign any of its rights, obligations or privileges (by operation of law or otherwise) hereunder without the prior written consent of JRVS."
ImineCorp_20180725_S-1_EX-10.5_11275970_,Termination For Convenience,Termination For Convenience,True,True,False,Termination For Convenience,1.0,"This Agreement may be terminated by either party for any reason or no reason, whether or not extended beyond the initial term, by giving the other party written notice ninety (90) days in advance."
ImineCorp_20180725_S-1_EX-10.5_11275970_,Covenant Not To Sue,Covenant Not To Sue,True,True,False,Covenant Not To Sue,1.0,"At no time during or after the term of this Agreement will the Distributor challenge or assist others to challenge JRVS Trademarks or the registration thereof or attempt to register any trademarks, marks or trade names confusingly similar to those of JRVS. T | The Distributor will not challenge any intellectual property rights claimed by JRVS in such trademarks."
InnerscopeHearingTechnologiesInc_2018110,Cap On Liability,Cap On Liability,True,True,False,Cap On Liability,1.0,"IN NO EVENT SHALL Erchonia BE LIABLE FOR ANY LOSS OF PROFIT OR ANY OTHER COMMERCIAL DAMAGE, INCLUDING BUT NOT LIMITED TO SPECIAL, INCIDENTAL, CONSEQUENTIAL OR OTHER INDIRECT DAMAGES UNDER ANY CAUSE OF ACTION ARISING OUT OF OR RELATING TO THIS AGREEMENT, INCLUDING, WITHOUT LIMITATION, CLAIMS ARISING FROM MALFUNCTION OR DEFECTS IN THE PRODUCTS."
InnerscopeHearingTechnologiesInc_2018110,Non-Compete,Non-Compete,True,True,False,Non-Compete,1.0,"During the term of this agreement, Distributor shall not market, sell advertise or promote the sale or use of any product or device which is competitive with or substantially similar to the Products, without the prior express written consent of Erchonia, nor shall they assist any third party in doing so."
InnerscopeHearingTechnologiesInc_2018110,Anti-Assignment,Anti-Assignment,True,True,False,Anti-Assignment,1.0,"Erchonia may not assign any duties or obligations arising under this Agreement, except to a successor who acquires substantially all of the assets of Erchonia. | Distributor may not assign to any person any duties or obligations arising under this Agreement without Erchonia's prior written consent (which consent may be withheld in Erchonia's sole discretion)."
InnerscopeHearingTechnologiesInc_2018110,Ip Ownership Assignment,Ip Ownership Assignment,True,True,False,Ip Ownership Assignment,1.0,"Distributor shall promptly inform Erchonia of any suggested modifications or improvements to the Products and shall, upon Erchonia's request and at Erchonia's expense, execute any documents necessary or appropriate to assign or confirm that all intellectual property rights in any modification<omitted>or improvement related to the Products are fully vested in Erchonia."
WaterNowInc_20191120_10-Q_EX-10.12_11900,Cap On Liability,Cap On Liability,True,True,False,Cap On Liability,1.0,"The arbitrator shall not award any Party punitive, exemplary, multiplied or consequential damages, and each Party hereby irrevocably waives any right to seek such damages in arbitration or in judicial proceedings."
WaterNowInc_20191120_10-Q_EX-10.12_11900,Anti-Assignment,Anti-Assignment,True,True,False,Anti-Assignment,0.9933,"Notwithstanding anything contained in this Section to the contrary, Hydraspin may assign this Agreement upon written notice to Distributor to any entity which controls, is controlled by or under common control with Hydraspin or to any successor to or purchaser of all or substantially all of its assets or stock, by merger or otherwise. | Any attempted assignment without such consent shall be void and of no effect. | Neither Party may assign any right, or delegate any duty under this Agreement, in whole or in part, without the prior written consent of the other Party, which shall not be unreasonably withheld or delayed."
WaterNowInc_20191120_10-Q_EX-10.12_11900,Change Of Control,Change Of Control,True,True,False,Change Of Control,0.8062,"If termination is the result of a Change of Control, Distributor shall be entitled to receive a onetime payment, within three (3) business days of the effective date of the Change of Control, equal to the greater of the following 1) the aggregate amount of the Distributor Share received during the 18 months prior to the effective date of such Change of Control or 2) the aggregate amount of the Distributor Share received on the 30 days prior to the effective date of such Change of Control multiplied by 18. | This Agreement may be terminated as follows:<omitted>(b) Immediately upon the occurrence of any of the following events and effective upon delivery of notice:<omitted>(8) by either Party, if Hydraspin undergoes a Change of Control<omitted>"
EcoScienceSolutionsInc_20171117_8-K_EX-1,Non-Compete,Non-Compete,True,True,False,Non-Compete,1.0,"Talent represents and warrants that during the Term and in the Territories, Talent will not endorse or make any appearances or advertisements on behalf of any other product which is directly competitive to ESSI's products."
EcoScienceSolutionsInc_20171117_8-K_EX-1,Anti-Assignment,Anti-Assignment,True,True,False,Anti-Assignment,1.0,Neither this Agreement nor any of the rights or obligations contained herein may be assigned or transferred by either party without the prior written consent of the other party.
NakedBrandGroupInc_20150731_POS AM (on S,Non-Compete,Non-Compete,True,True,False,Non-Compete,1.0,"Wade represents and warrants that during the Term and in  the Territory, neither Wade nor any of his agents, representatives or employees will solicit, initiate, or encourage any proposal for an endorsement by Wade of any Innerwear to commence during the Term, or participate in any discussions or negotiations for the same."
NakedBrandGroupInc_20150731_POS AM (on S,Anti-Assignment,Anti-Assignment,True,True,False,Anti-Assignment,1.0,Neither this Agreement nor any of the rights or obligations contained herein may be assigned or transferred by either Party without the prior written consent of the other Party.
SimplicityEsportsGamingCompany_20181130_,Anti-Assignment,Anti-Assignment,True,True,False,Anti-Assignment,1.0,"The Franchisee shall not be entitled to assign, transfer, encumber or dispose of any of its rights and or obligations under this Agreement, including to an affiliate, without the prior written consent of the Franchisor."
SimplicityEsportsGamingCompany_20181130_,Ip Ownership Assignment,Ip Ownership Assignment,True,True,False,Ip Ownership Assignment,0.9234,"Franchisee shall execute, for no additional consideration, any and all documents deemed necessary by Franchisor or its attorneys to be necessary to transfer such right, title or interest to Franchisor. | If Franchisee has obtained or obtains in the future, in any country, any right, title or interest in any Franchisor Property notwithstanding the previous sentence (including any colorable imitations, translations, or transliterations thereof), Franchisee will be deemed to have so acted as an agent and for the benefit of Franchisor for the limited purpose of obtaining such registrations and assigning them to Franchisor."
SimplicityEsportsGamingCompany_20181130_,Covenant Not To Sue,Covenant Not To Sue,True,True,False,Covenant Not To Sue,1.0,"Franchisee shall not challenge, directly or indirectly, Franchisor's interest in, or the validity of, any Franchisor Property, or any application for registration or trademark registration thereof or any rights of Franchisor therein."
Freecook_20180605_S-1_EX-10.3_11233807_E,Termination For Convenience,Termination For Convenience,True,True,False,Termination For Convenience,1.0,Company at its sole discretion may at any time alter or cease providing the Customer Service which it has agreed to provide to Client relating to Client Website pursuant to this Agreement without any liability to Company.
PareteumCorp_20081001_8-K_EX-99.1_265480,Uncapped Liability,Uncapped Liability,True,True,False,Uncapped Liability,1.0,"Limitation of liability as described in this article shall not apply:   a) in case the damage or loss is caused by a Party's willful misconduct (including fraud) or gross negligence, or   b) in case of a breach of a Parties obligation under article 11 (confidentiality) and article 15 (indemnification for breach of intellectual property rights)."
PareteumCorp_20081001_8-K_EX-99.1_265480,Cap On Liability,Cap On Liability,True,True,False,Cap On Liability,0.8613,"Without prejudice to the provisions expressly stated elsewhere in this Agreement, a Party's liability for damage suffered by the other Party, attributable to the first mentioned Party or a person for whom it is liable by law, shall be limited to the following events, and the following amounts:     a)   for direct damage to physical goods (property damage or ""zaakschade"") or directly resulting from death or personal injury: up to a maximum of *** per event or series of connected events and up to a further maximum of *** for all events (connected or not) in any period of 12 calendar months;           b)   for damage directly resulting from a material breach of this Agreement: up to a maximum *** or *** as set out in Appendix 2), whatever amount is the highest, in any period of 12 calendar months. | In no event shall either Party be liable for indirect or consequential loss or damage, including but not limited to, loss of profit, loss of sales or turnover, loss of or damage to reputation, loss of contract, loss of business, loss of anticipated savings and interest, increased operation costs, increase maintenance costs even if such loss or damage was reasonably foreseeable or if a Party had been advised by the other Party of the possibility of incurring such loss or damage. | Any claim for damages must be notified to the other Party within six (6) months as from the date on which the damage was caused, failing which such claim is deemed to be waived."
PareteumCorp_20081001_8-K_EX-99.1_265480,Liquidated Damages,Liquidated Damages,True,True,False,Liquidated Damages,1.0,"In case of violation of this article, the Party shall pay to the other Party an equivalent of eighteen (18) months gross salary of the respective employee."
PareteumCorp_20081001_8-K_EX-99.1_265480,Anti-Assignment,Anti-Assignment,True,True,False,Anti-Assignment,0.9186,"This Agreement and the rights and obligations specified herein shall be binding upon the Parties and their respective legal successors and neither Party shall sell, transfer or assign this Agreement or any part, interest, right or obligation hereunder except that a Party shall have the right to transfer or assign this Agreement in whole (but not in part) to an Affiliated Company provided that:<omitted>a) such Affiliated Company expressly assumes, by written instrument, all of the obligations of the Party under this Agreement and thereby becomes a Party to this Agreement, and   b) such Affiliated Company has adequate financial strength, resources and experience in the reasonable opinion of the other Party (such opinion to be obtained in writing in advance of any assignment), to comply with its obligations under this Agreement. Such assignment shall not release the assigning Party of its obligations under article 11 of this Agreement."
PareteumCorp_20081001_8-K_EX-99.1_265480,Termination For Convenience,Termination For Convenience,True,True,False,Termination For Convenience,1.0,The Agreement may be terminated by both Parties with a notification period of *** before the end of the Initial Term of the Agreement.
VitalibisInc_20180316_8-K_EX-10.2_111001,Cap On Liability,Cap On Liability,True,True,False,Cap On Liability,0.9005,"The sole remedy for any breach of Section 6.2 (e) shall be the provisions in Section 7.2. | Licensee's sole and exclusive remedy and VOTOCAST'S sole and exclusive liability for any loss or interruption of Services shall be as follows. For loss or interruption of Services which is not due to scheduled maintenance, and is caused by VOTOCAST, and such loss or interruption of Services exceeds a continual period of one (I) hour per Exhibit C, Licensee shall receive a credit against future Services equal to one-thirtieth (1/30) of the monthly fees for the Services for each cumulative hour, up to a maximum total of the fees charged for Services for the applicable month of the affected Services. | VOTOCAST SHALL HAVE NO LIABILITY WITH RESPECT TO VOTOCAST'S OBLIGATIONS UNDER THIS AGREEMENT OR OTHERWISE FOR ANY CONSEQUENTIAL, EXEMPLARY, SPECIAL. INCIDENTAL, OR PUNITIVE DAMAGES OF ANY KIND (INCLUDING, WITHOUT LIMITATION, LOSS OF PROFITS, REVENUE. BUSINESS, OR DATA), EVEN IF VOTOCAST HAS BEEN ADVISED OF THE POSSIBILITY OF SUCH DAMAGES. | The sole remedy for any breach of Section 6.1 (d) and (e) shall be the provisions in Section 7.1. | TO THE MAXIMUM EXTENT PERMITTED BY LAW, VOTOCAST'S AGGREGATE LIABILITY ARISING FROM OR RELATING TO THIS AGREEMENT OR THE USE OR INABILITY TO USE THE SERVICES SHALL BE LIMITED TO THE AMOUNT OF ALL FEES ACTUALLY RECEIVED BY VOTOCAST FROM LICENSEE UNDER THIS AGREEMENT. | Regardless of any other provision of this Agreement, VOTOCAST shall not be liable by reason of termination of this Agreement for compensation, reimbursement, or damages on account of the loss of prospective profits on anticipated sales, or on account of expenditures, investments, leases or other commitments made in connection with Licensee's business or otherwise, excluding any amounts paid by Licensee to VOTOCAST pursuant to the terms of this Agreement."
VitalibisInc_20180316_8-K_EX-10.2_111001,Liquidated Damages,Liquidated Damages,True,True,False,Liquidated Damages,1.0,"If any such action occurs and results in an employee accepting employment with the other Party, the Party with whom the employee accepts employment agrees to pay to the other Party as liquidated damages, an amount equal to two times that particular individual's annual salary and bonus."
VitalibisInc_20180316_8-K_EX-10.2_111001,Anti-Assignment,Anti-Assignment,True,True,False,Anti-Assignment,1.0,"Any attempted assignment or delegation without such prior written consent, except as expressly set forth herein, will be void, or at the non-assigning Party's sole discretion, may be treated as fully binding upon and in force and effect against any such successor or assign. | Neither Party may assign this Agreement or otherwise transfer in any way any of the rights and obligations arising out of this Agreement without the prior written consent of the other Party."
VitalibisInc_20180316_8-K_EX-10.2_111001,Termination For Convenience,Termination For Convenience,True,True,False,Termination For Convenience,1.0,"Regardless of the term, Licensee can terminate Agreement with at least one hundred eighty (180) days written notice with no further obligation."
VitalibisInc_20180316_8-K_EX-10.2_111001,Ip Ownership Assignment,Ip Ownership Assignment,True,True,False,Ip Ownership Assignment,1.0,"To the extent, if any, that ownership of the VOTOCAST Materials does not automatically vest in VOTOCAST by virtue of this Agreement or otherwise, Licensee hereby transfers and assigns to VOTOCAST all rights, title and interest which Licensee may have in and to the VOTOCAST Materials."
QuantumGroupIncFl_20090120_8-K_EX-99.2_3,Uncapped Liability,Uncapped Liability,True,True,False,Uncapped Liability,1.0,"In no event will either party be liable to the other for special, incidental, or indirect damages or for any consequential damages (including lost profits or savings), even if they are informed of the possibility; provided that this Section 10.0 does not apply to Customer's failure to pay any amounts owing to IBM under this Agreement (including amounts owing for Services that would have been rendered but for Customer's breach of this Agreement)."
QuantumGroupIncFl_20090120_8-K_EX-99.2_3,Cap On Liability,Cap On Liability,True,True,False,Cap On Liability,0.8197,"It is the cumulative maximum for which IBM and its Affiliates and Subcontractors are collectively responsible. | Customer agrees that its sole remedy for IBM's failure to meet an SLA Target Percentage is the Availability Credit as provided in this Attachment. | This is IBM's entire obligation to Customer with regard to any claim of infringement. | In no event will either party be liable to the other for special, incidental, or indirect damages or for any consequential damages (including lost profits or savings), even if they are informed of the possibility; provided that this Section 10.0 does not apply to Customer's failure to pay any amounts owing to IBM under this Agreement (including amounts owing for Services that would have been rendered but for Customer's breach of this Agreement). | If such modification has a material adverse effect on the Customer's use of the Services and provided such modification is not required by law, regulation, or similar governmental action, or a ruling by a court of competent jurisdiction, Customer's sole remedy is to terminate this Agreement without the payment of termination charges provided Customer gives IBM notice of its intent to terminate within ninety (90) days of the effective date of such modification. | IBM will give Customer a credit equal to the amount Customer paid IBM for the applicable Materials or for use of the applicable Base Components up to a maximum of twelve (12) months of applicable charges. | Regardless of the basis on which Customer is entitled to claim damages from IBM (including fundamental breach, negligence, misrepresentation, or other contract or tort claim), IBM is liable for no more than: indemnification payments as provided in Section 8.1; damages for bodily injury (including death) and damage to real property and tangible personal property; and the amount of any other actual direct damages, up to the greater of $100,000 or the charges paid by Customer to IBM for the Services in the twelve (12) months immediately preceding the accrual of the first claim related to the Services. | Neither party will bring a legal action related to this Agreement more than two years after the cause of action accrued."
QuantumGroupIncFl_20090120_8-K_EX-99.2_3,Anti-Assignment,Anti-Assignment,True,True,False,Anti-Assignment,1.0,"Neither party may assign this Agreement, in whole or in part, without the prior written consent of the other. | The assignment of this Agreement, in whole or in part, to any Affiliates in the United States or to a successor organization by merger or acquisition does not require the consent of the other."
QuantumGroupIncFl_20090120_8-K_EX-99.2_3,Termination For Convenience,Termination For Convenience,True,True,False,Termination For Convenience,1.0,"Customer may terminate this Agreement, or any portion of Services specified herein, for convenience by: providing at least sixty (60) days prior written notice to IBM; and paying the applicable early termination charges specified in Attachment C."
QuantumGroupIncFl_20090120_8-K_EX-99.2_3,Irrevocable Or Perpetual License,Irrevocable Or Perpetual License,True,True,False,Irrevocable Or Perpetual License,1.0,"IBM grants Customer an irrevocable, nonexclusive, worldwide, paid-up license to use, execute, reproduce, display, and perform copies of such Materials and distribute within Customer's Affiliates only."
CerenceInc_20191002_8-K_EX-10.4_11827494,Cap On Liability,Cap On Liability,True,True,False,Cap On Liability,1.0,"Without limiting the terms set forth in Section 6.09 of the Separation Agreement, none of Nuance, SpinCo or any other member of either Group shall in any event have any Liability to the other or to any other member of the other's Group under this Agreement for any indirect, special, punitive or consequential damages, whether or not caused by or resulting from negligence or breach of obligations hereunder and whether or not informed of the possibility of the existence of such damages."
CerenceInc_20191002_8-K_EX-10.4_11827494,Anti-Assignment,Anti-Assignment,True,True,False,Anti-Assignment,1.0,"Any purported assignment without such consent shall be void. | Except as expressly set forth in this Agreement, neither this Agreement nor any of the rights, interests or obligations under this Agreement, including the licenses granted pursuant to this Agreement, shall be assigned, in whole or in part, by operation of Law or otherwise by either Party without the prior written consent of the other Party."
CerenceInc_20191002_8-K_EX-10.4_11827494,Change Of Control,Change Of Control,True,True,False,Change Of Control,0.9492,"Notwithstanding the foregoing, if any Party to this Agreement (or any of its successors or permitted assigns) (a) shall enter into a consolidation or merger transaction in which such Party is not the surviving entity and the surviving entity acquires or assumes all or substantially all of such Party's assets, (b) shall transfer all or substantially all of such Party's assets to any Person or (c) shall assign this Agreement to such Party's Affiliates, then, in each such case, the assigning Party (or its successors or permitted assigns, as applicable) shall ensure that the assignee or successor-in-interest expressly assumes in writing all of the obligations of the assigning Party under this Agreement, and the assigning Party shall not be required to seek consent, but shall provide written notice and evidence of such assignment, assumption or succession to the non-assigning Party."
CerenceInc_20191002_8-K_EX-10.4_11827494,Termination For Convenience,Termination For Convenience,True,True,False,Termination For Convenience,1.0,"This Agreement may be terminated by Nuance at any time, in its sole discretion, prior to the Distribution; provided, however, that this Agreement shall automatically terminate upon the termination of the Separation Agreement in accordance with its terms."
CerenceInc_20191002_8-K_EX-10.4_11827494,Ip Ownership Assignment,Ip Ownership Assignment,True,True,False,Ip Ownership Assignment,0.9138,"In order to carry out the intent of the Parties with respect to the recordation of the transfers of any registrations or applications of Nuance IP or SpinCo IP, as applicable, to the extent the ownership thereof has transferred from a member of the Nuance Group to a member of the SpinCo Group, or vice versa, pursuant to the Separation Agreement or any other Ancillary Agreement, the Parties shall execute intellectual property assignments in a form substantially similar to that attached as Exhibit A1 (the ""Patent Assignment Agreement""), Exhibit A2 (the ""Trademark Assignment Agreement""), Exhibit A3 (the ""Domain Name Assignment Agreement"") and Exhibit A4 (the ""Invention Disclosure Assignment Agreement"") as well as such additional case specific assignments as deemed appropriate or necessary under applicable Laws (collectively, the ""Intellectual Property Assignment Agreements"") for recordation with the appropriate Governmental Authority."
CerenceInc_20191002_8-K_EX-10.4_11827494,Irrevocable Or Perpetual License,Irrevocable Or Perpetual License,True,False,True,License Grant,0.9334,"Subject to the terms and conditions of this Agreement, as of the Distribution Date, Nuance hereby grants to SpinCo and the members of the SpinCo Group a worldwide, non-exclusive, fully paid-up, perpetual and irrevocable, transferable (subject to ARTICLE VIII), sublicensable (subject to Section 3.01(g)) license under the Nuance Patents, solely to the extent that claims of the Nuance Patents cover products or services of the SpinCo Business in the SpinCo Field of Use, together with natural extensions and evolutions thereof, in each case to make, have made, use, sell, offer for sale, import and otherwise exploit such products and services, together with natural extensions and evolutions thereof. | Subject to the terms and conditions of this Agreement, as of the Distribution Date, Nuance hereby grants to SpinCo and the members of the SpinCo Group a worldwide, non-exclusive, fully paid-up, perpetual and irrevocable, transferable (subject to ARTICLE VIII), sublicensable (subject to Section 3.01(g)) license to continue to use any Nuance IP (other than Nuance Patents, Nuance Technology Assets, Nuance Trademarks and Nuance Data), in each case solely as and to the extent that it is used by the SpinCo Group in connection with products and services of the SpinCo Business within the SpinCo Field of Use, together with natural extensions and evolutions thereof. | Subject to the terms and conditions of this Agreement, as of the Distribution Date, Nuance hereby grants to SpinCo and the members of the SpinCo Group a worldwide, non-exclusive, fully paid-up, perpetual and irrevocable, transferable (subject to ARTICLE VIII), sublicensable (subject to Section 3.01(g)) license to install, access, use, reproduce, perform, display, modify (including the right to create improvements and derivative works), further develop, sell, manufacture, distribute and market products and services based on, using or incorporating the Nuance Shared Technology Assets within the SpinCo Field of Use, together with natural extensions and evolutions thereof. | Subject to the terms and conditions of this Agreement, as of the Distribution Date, SpinCo hereby grants to Nuance and the members of the Nuance Group a worldwide, non-exclusive, fully paid-up, perpetual and irrevocable, transferable (subject to ARTICLE VIII), sublicensable (subject to Section 4.01(g)) license under the SpinCo Patents, solely to the extent that claims of the SpinCo Patents cover products or services of the Nuance Business in the Nuance Field of Use, together with natural extensions and evolutions thereof, in each case to make, have made use, sell, offer for sale, import and otherwise exploit such products and services, together with natural extensions and evolutions thereof. | Subject to the terms and conditions of this Agreement, as of the Distribution Date, SpinCo hereby grants to Nuance and the members of the Nuance Group a worldwide, non-exclusive, fully paid-up, perpetual and irrevocable, transferable (subject to ARTICLE VIII), sublicensable (subject to Section 4.01(g)) license to continue to use any SpinCo IP (other than SpinCo Patents, SpinCo Technology Assets, SpinCo Trademarks, SpinCo Domain Names and SpinCo Data), in each case solely as and to the extent that it is used by the Nuance Group in connection with products and services of the Nuance Business within the Nuance Field of Use, together with natural extensions and evolutions thereof. | Subject to the terms and conditions of this Agreement, as of the Distribution Date, SpinCo hereby grants to Nuance and the members of the Nuance Group a worldwide, non-exclusive, fully paid-up, perpetual and irrevocable, transferable (subject to ARTICLE VIII), sublicensable (subject to Section 4.01(g)) license to install, access, use, reproduce, perform, display, modify (including the right to create improvements and derivative works), further develop, sell, manufacture, distribute and market products and services based on, using or incorporating the SpinCo Shared Technology Assets within the Nuance Field of Use, together with natural extensions and evolutions thereof."
CerenceInc_20191002_8-K_EX-10.4_11827494,Covenant Not To Sue,Covenant Not To Sue,True,True,False,Covenant Not To Sue,0.9143,"SpinCo agrees that it will not (i) oppose, challenge, petition to cancel, contest or threaten in any way, or assist another party in opposing, challenging, petitioning to cancel, contesting or threatening in any way, any application or registration by Nuance or its Affiliates or their respective licensees for any Nuance IP, (ii) engage in any act, or purposefully omit to perform any act, that impairs or adversely affects the rights of Nuance or any member of the Nuance Group in and to any Nuance IP or (iii) apply for any registration (including federal, state and national registrations) with respect to the Nuance IP. | Nuance agrees that it will not (i) oppose, challenge, petition to cancel, contest or threaten in any way, or assist another party in opposing, challenging, petitioning to cancel, contesting or threatening in any way, any application or registration by SpinCo or its Affiliates or their respective licensees for any SpinCo IP, (ii) engage in any act, or purposefully omit to perform any act, that impairs or adversely affects the rights of SpinCo or any member of the SpinCo Group in and to any SpinCo IP or (iii) apply for any registration (including federal, state and national registrations) with respect to the SpinCo IP."
GarrettMotionInc_20181001_8-K_EX-2.4_113,Cap On Liability,Cap On Liability,True,True,False,Cap On Liability,1.0,"Without limiting the terms set forth in Section 6.09 of the Separation Agreement, none of Honeywell, SpinCo or any other member of either Group shall in any event have any Liability to the other or to any other member of the other's Group under this Agreement for any indirect, special, punitive or consequential damages, whether or not caused by or resulting from negligence or breach of obligations hereunder and whether or not informed of the possibility of the existence of such damages."
GarrettMotionInc_20181001_8-K_EX-2.4_113,Anti-Assignment,Anti-Assignment,True,False,True,None,0.7604,"No Party or any member of its Group may assign or grant a license in or to any of its Intellectual Property Rights licensed to the other Party or any member of its Group pursuant to ARTICLE III or ARTICLE IV, unless such assignment or grant is subject to the licenses, covenants and restrictions set forth herein. | Except as expressly set forth in this Agreement, neither this Agreement nor any of the rights, interests or obligations under this Agreement, including the licenses granted pursuant to this Agreement, shall be assigned, in whole or in part, by operation of Law or otherwise by either Party without the prior written consent of the other Party. | Without limiting ARTICLE VIII, the license granted to the SpinCo Group in Section 3.03(a) shall automatically terminate in the event (i) that any member of the SpinCo Group assigns, transfers, licenses or otherwise conveys any rights in or to the Honeywell Content to any third party or (ii) of (x) the sale of all or substantially all of the ownership interests<omitted>in, or the assets of, any member of the SpinCo Group in a single transaction or a series of related transactions to one or more third parties, (y) any direct or indirect acquisition, consolidation or merger of any member of the SpinCo Group by, with or into any third party or (z) any spin-off, public offering or other corporate reorganization or single transaction or series of related transactions in which direct or indirect control of any member of the SpinCo Group is transferred to one or more third parties, including by transferring an excess of fifty percent (50%) of such member of the SpinCo Group's voting power, shares or equity, through a merger, consolidation, tender offer or similar transaction to one or more third parties"
GarrettMotionInc_20181001_8-K_EX-2.4_113,Change Of Control,Anti-Assignment,False,False,False,Anti-Assignment,0.895,"Without limiting ARTICLE VIII, the license granted to the SpinCo Group in Section 3.03(a) shall automatically terminate in the event (i) that any member of the SpinCo Group assigns, transfers, licenses or otherwise conveys any rights in or to the Honeywell Content to any third party or (ii) of (x) the sale of all or substantially all of the ownership interests<omitted>in, or the assets of, any member of the SpinCo Group in a single transaction or a series of related transactions to one or more third parties, (y) any direct or indirect acquisition, consolidation or merger of any member of the SpinCo Group by, with or into any third party or (z) any spin-off, public offering or other corporate reorganization or single transaction or series of related transactions in which direct or indirect control of any member of the SpinCo Group is transferred to one or more third parties, including by transferring an excess of fifty percent (50%) of such member of the SpinCo Group's voting power, shares or equity, through a merger, consolidation, tender offer or similar transaction to one or more third parties. | Notwithstanding the foregoing, if any Party to this Agreement (or any of its successors or permitted assigns) (a) shall enter into a consolidation or merger transaction in which such Party is not the surviving entity and the surviving entity acquires or assumes all or substantially all of such Party's assets, (b) shall transfer all or substantially all of such Party's assets to any Person or (c) shall assign this Agreement to such Party's Affiliates, then, in each such case, the assigning Party (or its successors or permitted assigns, as applicable) shall ensure that the assignee or successor- in-interest expressly assumes in writing all of the obligations of the assigning Party under this Agreement, and the assigning Party shall not be required to seek consent, but shall provide written notice and evidence of such assignment, assumption or succession to the non-assigning Party."
GarrettMotionInc_20181001_8-K_EX-2.4_113,Termination For Convenience,Termination For Convenience,True,True,False,Termination For Convenience,1.0,"This Agreement may be terminated by Honeywell at any time, in its sole discretion, prior to the Distribution; provided, however, that this Agreement shall automatically terminate upon the termination of the Separation Agreement in accordance with its terms."
GarrettMotionInc_20181001_8-K_EX-2.4_113,Ip Ownership Assignment,Ip Ownership Assignment,True,True,False,Ip Ownership Assignment,0.839,"In order to carry out the intent of the Parties with respect to the recordation of the transfers of any registrations or applications of Honeywell IP or SpinCo IP, as applicable, to the extent the ownership thereof has transferred from a member of the Honeywell Group to a member of the SpinCo Group, or vice versa, pursuant to the Separation Agreement or any other Ancillary Agreement, the Parties shall, and shall cause their respective Group members (as applicable) to, execute intellectual property assignments in a form substantially similar to that attached as Exhibit A1 (the ""Patent Assignment Agreement""), Exhibit A2 (the ""Trademark Assignment Agreement""), Exhibit A3 (the ""Copyright Assignment Agreement""), Exhibit A4 (the ""Domain Name Assignment Agreement"") and Exhibit A5 (the ""Invention Disclosure Assignment Agreement"") as well as such additional case specific assignments as deemed appropriate or necessary under applicable Laws (collectively, the ""Intellectual Property Assignment Agreements"") for recordation with the appropriate Governmental Authority."
GarrettMotionInc_20181001_8-K_EX-2.4_113,Irrevocable Or Perpetual License,Irrevocable Or Perpetual License,True,False,True,Affiliate License-Licensee,0.8589,"Hence, as of the Distribution Date, Honeywell hereby grants, and agrees to cause the members of the Honeywell Group to hereby grant, to SpinCo and the members of the SpinCo Group a non-exclusive, royalty-free, fully-paid, perpetual, sublicenseable (solely to Subsidiaries and suppliers for ""have-made"" purposes), worldwide license to use and exercise rights under the Honeywell Shared IP (excluding Trademarks, the Honeywell Content and the subject matter of any other Ancillary Agreement), said license being limited to use of a similar type, scope and extent as used in the SpinCo Business prior to the Distribution Date and the natural growth and development thereof. | Hence, as of the Distribution Date, SpinCo hereby grants, and agrees to cause the members of the SpinCo Group to hereby grant, to Honeywell and the members of the Honeywell Group a non-exclusive, royalty-free, fully-paid, perpetual, sublicenseable (solely to Subsidiaries and suppliers for ""have made"" purposes), worldwide license to use and exercise rights under the SpinCo Shared IP (excluding Trademarks and the subject matter of any other Ancillary Agreement), said license being limited to use of a similar type, scope and extent as used in the Honeywell Business prior to the Distribution Date and the natural growth and development thereof."
GarrettMotionInc_20181001_8-K_EX-2.4_113,Covenant Not To Sue,Covenant Not To Sue,True,True,False,Covenant Not To Sue,0.7511,"Honeywell agrees that it will not, and agrees to cause each member of the Honeywell Group not to, (i) initiate any Action against any member of the SpinCo Group or its Affiliates for infringement, misappropriation or other violation of any Honeywell IP, (ii) oppose, challenge, petition to cancel, contest or threaten in any way, or assist another party in opposing, challenging, petitioning to cancel, contesting or threatening in any way, any application or registration by SpinCo or its Affiliates or their respective licensees for any SpinCo IP, the use of which is consistent with the use of such SpinCo IP in connection with the SpinCo Business as of immediately prior to the Distribution Date, (iii) engage in any act, or purposefully omit to perform any act, that impairs or adversely affects the rights of SpinCo or any member of the SpinCo Group in and to any SpinCo IP or (iv) apply for any registration with respect to the SpinCo IP (including federal, state and national registrations), in each case of the foregoing clauses (i) - (iv) for a period of five (5) years after the Distribution Date, without the prior written consent of SpinCo, which consent shall not be unreasonably withheld, conditioned or delayed. | SpinCo agrees that it will not, and agrees to cause each member of the SpinCo Group not to, (i)<omitted>initiate any Action against any member of the Honeywell Group or its Affiliates for infringement, misappropriation or other violation of any SpinCo IP, (ii) oppose, challenge, petition to cancel, contest or threaten in any way, or assist another party in opposing, challenging, petitioning to cancel, contesting or threatening in any way, any application or registration by the Honeywell Group or its Affiliates or their respective licensees for any Honeywell IP, the use of which is consistent with the use of such Honeywell IP in connection with the Honeywell Business as of immediately prior to the Distribution Date, (iii) engage in any act, or purposefully omit to perform any act, that impairs or adversely affects the rights of Honeywell or any member of the Honeywell Group in and to any Honeywell IP or (iv) apply for any registration with respect to the Honeywell IP (including federal, state and national registrations), in each case of the foregoing clauses (i) - (iv) for a period of five (5) years after the Distribution Date, without the prior written consent of Honeywell, which consent shall not be unreasonably withheld, conditioned or delayed."
RareElementResourcesLtd_20171019_SC 13D_,Anti-Assignment,Anti-Assignment,True,True,False,Anti-Assignment,1.0,"Investor will not assign to any Third Party any rights under this IP Agreement not specifically transferable by its terms without the prior written consent of Company, such consent not to be unreasonably withheld. | Any assignment or agreement or other transaction by Company that fails to be in complete compliance with this Article 3.07 or any other provision of this IP Agreement shall be null and void."
RareElementResourcesLtd_20171019_SC 13D_,Ip Ownership Assignment,Ip Ownership Assignment,True,True,False,Ip Ownership Assignment,1.0,"Investor shall own all right, title and interest in any Improvement made jointly by Company and Investor (""Joint Improvements"") during the term of this IP Agreement, and Company agrees to and hereby does assign to Investor any right, title and interest it may otherwise have in any Joint Improvement."
RareElementResourcesLtd_20171019_SC 13D_,Irrevocable Or Perpetual License,Irrevocable Or Perpetual License,True,False,True,Affiliate License-Licensee,0.7648,"Company grants to Investor, for the duration of the Option Period, a worldwide, royalty-free, non-exclusive, irrevocable license (with the right to grant sublicenses to Affiliates) under the Patents to practice the methods therein described and claimed and to make and have made, use, offer to sell, sell and import products made using such methods, and to make Improvements, and to engage in any activity which would give rise to a claim of infringement (direct or indirect or otherwise) of one or more of the Patents in the absence of a license. | Investor hereby agrees to grant to Company a non-exclusive, irrevocable, royalty-free license under any Investor Improvement and any patent claiming such Investor Improvement, solely for use in rare earth mineral processing and rare earth separation, to make and have made, use, offer to sell, sell and import products made using the Investor Improvements. | Investor hereby agrees to grant to Company a non-exclusive, irrevocable, royalty-free license under any Joint Improvement and any patent claiming such Joint Improvement solely for use in rare earth mineral processing and rare earth separation. | Company further grants to Investor, during the duration of the Option Period, a worldwide, royalty-free, non-exclusive, irrevocable license (with the right to grant sublicenses to Affiliates) to use the Technical Information to practice the methods described and claimed in the Patents and to make and have made, use, offer to sell, sell and import products made using the methods, and to make Improvements, and to engage in any activity which would give rise to a claim of infringement (direct or indirect or otherwise) of one or more of the Patents in the absence of a license. | If the Option is exercised before the expiration of the Option Period, the license grants set forth in Articles 3.00 and 3.01 will become exclusive to Investor for a perpetual term, shall not be subject to a licensing fee, the granted licenses in favor of the Investor shall be deemed fully paid-up, and the rights granted to Investor under Articles 3.00 and 3.01 shall include the right to grant sublicenses to Third Parties."
ArtaraTherapeuticsInc_20200110_8-K_EX-10,Cap On Liability,Cap On Liability,True,True,False,Cap On Liability,1.0,"IN NO EVENT SHALL EITHER PARTY BE LIABLE TO THE OTHER PARTY UNDER THIS AGREEMENT IN A DIRECT ACTION BETWEEN THE PARTIES FOR SPECIAL, INDIRECT, INCIDENTAL OR CONSEQUENTIAL DAMAGES (INCLUDING, WITHOUT LIMITATION, LOSS OF PROFITS) SUFFERED BY THE OTHER PARTY."
ArtaraTherapeuticsInc_20200110_8-K_EX-10,Anti-Assignment,Anti-Assignment,True,True,False,Anti-Assignment,1.0,No Party may assign any rights under this Agreement or delegate any duties hereunder without the prior written consent of the other Party.
ArtaraTherapeuticsInc_20200110_8-K_EX-10,Termination For Convenience,Termination For Convenience,True,True,False,Termination For Convenience,1.0,"Either Party may terminate the Project and all commitments and obligations with respect thereto, subject to Section 8.3 herein, upon thirty (30) days written notice to the other Party. | This Agreement may be terminated by ArTara upon thirty (30) days prior written notice to University."
ArtaraTherapeuticsInc_20200110_8-K_EX-10,Ip Ownership Assignment,Ip Ownership Assignment,True,True,False,Ip Ownership Assignment,1.0,"Upon written request of ArTara, University will assign the IND to ArTara."
GpaqAcquisitionHoldingsInc_20200123_S-4A,Anti-Assignment,Anti-Assignment,True,True,False,Anti-Assignment,1.0,"The Village Media Company shall not, directly or indirectly, assign, sublicense or otherwise transfer any of its rights or obligations hereunder without the prior written consent of PFHOF."
GpaqAcquisitionHoldingsInc_20200123_S-4A,Change Of Control,Change Of Control,True,True,False,Change Of Control,0.9579,"In addition to and without limiting any other provision of this Agreement, if a Change of Control occurs at any time during the Term, PFHOF shall have the right to terminate this Agreement immediately upon giving notice of such termination to the Village Media Company. | For purposes of this Section 4.4, a ""Change of Control"" shall mean any transaction or series of related transactions that results in (including by way of merger or consolidation), or that is in connection with, the Village Media Company no longer being controlled (as defined in Section 1.2) by or under common control (as defined in Section 1.2) with HOFV."
GpaqAcquisitionHoldingsInc_20200123_S-4A,Ip Ownership Assignment,Covenant Not To Sue,False,False,False,Covenant Not To Sue,0.8924,"The Village Media Company agrees, on behalf of itself and its Affiliates and their permitted sublicensees, that all uses by the Village Media Company or any of its Affiliates or their respective permitted sublicensees of the PFHOF Work shall inure to the benefit of PFHOF, and any right that may accrue to the Village Media Company, any of its Affiliates or any of their respective permitted sublicensees related thereto and any goodwill associated therewith are hereby granted and assigned to PFHOF or its designee | Any HOFV Works created pursuant to this Agreement shall exclusively be owned by the Village Media Company; provided, however, that, (i) PFHOF shall own all right, title, interest, and copyright in and to the underlying PFHOF Work(s) as further set forth in Section 2.5 and (ii) the Village Media Company's ownership is subject in all events to any Rights Restrictions and the terms of the license (including the term of such license) granted by PFHOF in connection with such HOFV Work pursuant to Section 2.3."
GpaqAcquisitionHoldingsInc_20200123_S-4A,Covenant Not To Sue,Covenant Not To Sue,True,True,False,Covenant Not To Sue,1.0,"The Village Media Company shall not, and shall cause its Affiliates and their respective permitted sublicensees not to, whether during the Term or thereafter, challenge (a) the rights of PFHOF in and to any PFHOF Work, (b) the validity of any PFHOF Work, (c) PFHOF's right to grant rights or licenses relating to the PFHOF Works or (d) the validity, legality, or enforceability of this Agreement."
CytodynInc_20200109_10-Q_EX-10.5_1194163,Uncapped Liability,Uncapped Liability,True,True,False,Uncapped Liability,0.9764,"EXCEPT FOR A PARTY'S OBLIGATIONS SET FORTH IN THIS ARTICLE 13, AND ANY BREACH OF ARTICLE 10 (CONFIDENTIALITY), IN NO EVENT WILL EITHER PARTY BE LIABLE TO THE OTHER PARTY (OR THE OTHER PARTY'S AFFILIATES OR SUBLICENSEES) IN CONNECTION WITH THIS AGREEMENT FOR LOST REVENUE, LOST PROFITS, LOST ROYALTIES, LOST SAVINGS, LOSS OF USE, DAMAGE TO GOODWILL, OR ANY CONSEQUENTIAL, INCIDENTAL, SPECIAL, EXEMPLARY, PUNITIVE OR INDIRECT DAMAGES IN CONNECTION WITH THIS AGREEMENT, HOWEVER CAUSED, UNDER ANY THEORY OF LIABILITY, INCLUDING CONTRACT, NEGLIGENCE, OR STRICT LIABILITY, EVEN IF THAT PARTY HAS BEEN PLACED ON NOTICE OF THE POSSIBILITY OF SUCH DAMAGES."
CytodynInc_20200109_10-Q_EX-10.5_1194163,Cap On Liability,Cap On Liability,True,True,False,Cap On Liability,0.8664,"FOR CLARITY AND NOTWITHSTANDING THE PROVISIONS OF THE FIRST SENTENCE OF THIS SECTION 13.5, ROYALTIES AND MILESTONES PAYABLE TO CYTODYN IN CONNECTION WITH VYERA'S COMMERCIALIZATION OF LICENSED PRODUCTS IN ACCORDANCE WITH THE TERMS OF THIS AGREEMENT COULD CONSTITUTE DIRECT DAMAGES TO THE EXTENT AWARDED IN ACCORDANCE WITH ARTICLE 12. | EXCEPT FOR A PARTY'S OBLIGATIONS SET FORTH IN THIS ARTICLE 13, AND ANY BREACH OF ARTICLE 10 (CONFIDENTIALITY), IN NO EVENT WILL EITHER PARTY BE LIABLE TO THE OTHER PARTY (OR THE OTHER PARTY'S AFFILIATES OR SUBLICENSEES) IN CONNECTION WITH THIS AGREEMENT FOR LOST REVENUE, LOST PROFITS, LOST ROYALTIES, LOST SAVINGS, LOSS OF USE, DAMAGE TO GOODWILL, OR ANY CONSEQUENTIAL, INCIDENTAL, SPECIAL, EXEMPLARY, PUNITIVE OR INDIRECT DAMAGES IN CONNECTION WITH THIS AGREEMENT, HOWEVER CAUSED, UNDER ANY THEORY OF LIABILITY, INCLUDING CONTRACT, NEGLIGENCE, OR STRICT LIABILITY, EVEN IF THAT PARTY HAS BEEN PLACED ON NOTICE OF THE POSSIBILITY OF SUCH DAMAGES."
CytodynInc_20200109_10-Q_EX-10.5_1194163,Non-Compete,Non-Compete,True,True,False,Non-Compete,1.0,"CytoDyn shall have the right to terminate this Agreement in its entirety upon written notice to Vyera on the occurrence of any of the following:<omitted>(c) Vyera breaches its obligations or covenants under Section 2.6 (Competitive Products); | Except as expressly required under this Agreement, Vyera hereby covenants not to Develop, Manufacture, Commercialize or otherwise exploit a Competitive Product in the Territory during the Royalty Term, including by means of an Affiliate."
CytodynInc_20200109_10-Q_EX-10.5_1194163,Anti-Assignment,Anti-Assignment,True,True,False,Anti-Assignment,0.9246,"CytoDyn may assign this Agreement and its rights and obligations hereunder, in whole but not in part, to any Third Party not in a materially worse (financially and otherwise) of performing CytoDyn's obligations hereunder without the prior written consent of Vyera (it being understood that any other assignment of this Agreement or any rights or obligations hereunder shall require the prior written consent of Vyera, not to be unreasonably withheld or delayed). | Vyera may not assign this Agreement, or any rights or obligations hereunder without the prior written consent of CytoDyn, not to be unreasonably withheld or delayed provided that Vyera may assign this Agreement without CytoDyn's consent to an Affiliate or to a successor to substantially all of the business of Vyera to which this Agreement relates. | Any assignment or attempted assignment by Vyera in violation of the terms of this Section 14.6 shall be null, void and of no legal effect."
CytodynInc_20200109_10-Q_EX-10.5_1194163,Change Of Control,Change Of Control,True,True,False,Change Of Control,0.8983,"A Change of Control shall be deemed an assignment for purposes of this Agreement. | In the event that Vyera experiences a Change of Control with a Third Party that is actively engaged in the Development, Manufacture or Commercialization of a Competitive Product, then, Vyera shall either: (a) within ninety (90) days after the closing of such Change of Control, enter into a binding written agreement to sell, transfer, assign or divest all of Vyera's and/or its Affiliate's rights in and to such Competitive Product to a non-Affiliate Third Party and consummate such sale, transfer, assignment or divestiture of said rights not later than ninety (90) days following the date of the binding Agreement; or (b) within six (6) months after the closing of such Change of Control, terminate any and all Development, Manufacturing, Commercialization and/or other exploitation of such Competitive Product; or (c) terminate this Agreement in accordance with Section 11.2(c). | For clarity, nothing in this Agreement shall prohibit Vyera from undergoing any Change of Control, but if Vyera undergoes a Change of Control, it will be subject to Section 2.6."
CytodynInc_20200109_10-Q_EX-10.5_1194163,Termination For Convenience,Termination For Convenience,True,True,False,Termination For Convenience,1.0,"Vyera shall have the right to terminate this Agreement in its entirety:<omitted>(c) at any time following the second (2nd) anniversary of the First Commercial Sale of the Licensed Product, for any reason or no reason, upon one hundred eighty (180) days' written notice to CytoDyn."
CytodynInc_20200109_10-Q_EX-10.5_1194163,Ip Ownership Assignment,Ip Ownership Assignment,True,True,False,Ip Ownership Assignment,0.8827,"To the fullest extent permitted by law, Vyera shall, and hereby does, assign all of its right title and interest in and to any and all Inventions to CytoDyn | Vyera will, upon reasonable request of CytoDyn, and at CytoDyn's expense, execute or cause to be executed, any assignments, filings, applications or other documents that CytoDyn may require to evidence its rights in the Inventions. | If Vyera acquires any rights in the Trademarks, by operation of Applicable Law, or otherwise, such rights shall be deemed and are hereby irrevocably assigned to CytoDyn without further action by either Party. | CytoDyn will be the sole owner of all trade dress, logos, slogans, designs and copyrights specifically created by or on behalf of Vyera or used by Vyera on or in connection with the Licensed Products in the Territory."
CytodynInc_20200109_10-Q_EX-10.5_1194163,Irrevocable Or Perpetual License,Irrevocable Or Perpetual License,True,True,False,Irrevocable Or Perpetual License,0.8785,"In the event that such assignment would be unlawful, Vyera shall, and hereby does, grant to CytoDyn an exclusive, irrevocable, worldwide, sublicensable (including through multiple tiers), transferrable (without consent) royalty free license to any and all right, title and/or interest that it may have in or to an Invention. | Following the expiration of the Royalty Term with respect to the Licensed Product, the licenses granted under Section 2.1 with respect to such Licensed Product in the Field and the Territory shall be non-exclusive, perpetual, irrevocable, fully-paid and royalty-free. | Upon the expiration of the Royalty Term, the license granted to Vyera under Section 2.1 of this Agreement shall become non-exclusive, fully-paid, royalty free, perpetual and irrevocable."
CytodynInc_20200109_10-Q_EX-10.5_1194163,Covenant Not To Sue,Covenant Not To Sue,True,True,False,Covenant Not To Sue,0.9894,"CytoDyn shall have the right to terminate this Agreement in its entirety upon written notice to Vyera on the occurrence of any of the following: (a) Vyera or any of its Affiliates directly or indirectly, challenges, disputes, or assists any Third Party to dispute or challenge, in a legal or administrative proceeding the patentability, enforceability or validity of any CytoDyn Patents; | Neither Vyera, nor any of its Affiliates shall directly or indirectly, challenge, or assist any Third Party to dispute or challenge, in a legal or administrative proceeding the patentability, enforceability or validity of any CytoDyn Patents."
VirtuosoSurgicalInc_20191227_1-A_EX1A-6 ,Cap On Liability,Cap On Liability,True,True,False,Cap On Liability,0.9919,"NOTWITHSTANDING ANY OTHER PROVISION OF THIS AGREEMENT, JHU ADDITIONALLY DISCLAIMS ALL OBLIGATIONS AND LIABILITIES ON THE PART OF JHU AND INVENTORS, FOR DAMAGES, INCLUDING, BUT NOT LIMITED TO, DIRECT, INDIRECT, SPECIAL, AND CONSEQUENTIAL DAMAGES, ATTORNEYS' AND EXPERTS' FEES, AND COURT COSTS (EVEN IF JHU HAS BEEN ADVISED OF THE POSSIBILITY OF SUCH DAMAGES, FEES OR COSTS), ARISING OUT OF OR IN CONNECTION WITH THE MANUFACTURE, USE, OR SALE OF THE LICENSED PRODUCTS AND LICENSED SERVICES UNDER THIS AGREEMENT."
VirtuosoSurgicalInc_20191227_1-A_EX1A-6 ,Liquidated Damages,Liquidated Damages,True,True,False,Liquidated Damages,1.0,"COMPANY will pay JHU a fee equal one percent (1%) of the Aggregate Consideration received by the COMPANY, or the total amount received by stockholders of COMPANY, upon the occurrence of a Liquidity Event."
VirtuosoSurgicalInc_20191227_1-A_EX1A-6 ,Anti-Assignment,Anti-Assignment,True,True,False,Anti-Assignment,0.9814,"Company shall not sublicense to others under this Agreement, nor extend the rights granted hereunder to any affiliated company. | This Agreement is binding upon and shall inure to the benefit of JHU, its successors and assignees and shall not be assignable to another party, except that the Company shall have the right to assign this Agreement to another party in the case of the sale or transfer by the Company of all, or substantially all, of its assets relating to the LICENSED PRODUCT(S), LICENSED SERVICE(S) or PATENT RIGHT(S), to that party."
VirtuosoSurgicalInc_20191227_1-A_EX1A-6 ,Change Of Control,Change Of Control,True,True,False,Change Of Control,0.8848,"uch fee shall be paid after only the first to occur of either a Liquidation Event or an Initial Public Offering. The respective fees, when and if payable, shall be paid upon closing; except that if there are additional contingent amounts (""Trailing Consideration"") payable upon the occurrence of subsequent events, then the Trailing Consideration shall be due and payable to JHU within thirty (30) days after receipt thereof by COMPANY. | For a Liquidity Event, the fee required under Section 4.1 of this Exhibit A above shall be payable to JHU by COMPANY in the same form as the proceeds paid or payable to either COMPANY or its security holders, whether in cash, securities or other property, and in the same proportion as such form of consideration is paid or payable to COMPANY or its security holders. | COMPANY will pay JHU a fee equal one percent (1%) of the Aggregate Consideration received by the COMPANY, or the total amount received by stockholders of COMPANY, upon the occurrence of a Liquidity Event. | Notwithstanding the foregoing, in the event the form of consideration paid or payable includes securities for which there is not an active public market, in lieu of paying that portion of the fee with such securities COMPANY will make a cash payment to JHU equal to the fair market value of such securities."
VirtuosoSurgicalInc_20191227_1-A_EX1A-6 ,Termination For Convenience,Termination For Convenience,True,True,False,Termination For Convenience,1.0,"Company may terminate this Agreement and the license granted herein, for any reason, upon giving JHU sixty (60) days written notice under Paragraph 8.1."
AtnInternationalInc_20191108_10-Q_EX-10.,Uncapped Liability,Uncapped Liability,True,True,False,Uncapped Liability,0.897,"Notwithstanding anything contained in this Agreement to the contrary, neither Party shall be liable to the other Party for any special, consequential, incidental or punitive damages, however caused, based on any theory of liability except to the extent such damages are payable by such Party (a) pursuant to its indemnification obligations under Section 3.15 and infringement indemnification obligations under Section 3.17, (b) arising out of or resulting from such Party's breach of its confidentiality obligations set forth in this Agreement (including Section 3.16, Section 3.48, Section 4.2 and Exhibit A attached hereto) or (c) in connection with a Third Party Loss arising out of or resulting from such Party's violation of applicable Law. | NOTWITHSTANDING ANY OTHER PROVISION IN THIS AGREEMENT TO THE CONTRARY (AND WHETHER OR NOT SUCH A PROVISION CONTAINS LANGUAGE TO THE EFFECT THAT THE PROVISION TAKES PRECEDENCE OVER OTHER PROVISIONS CONTRARY TO IT), WHETHER EXPRESS OR IMPLIED, NONE OF THE LIMITATIONS OF LIABILITY (INCLUDING ANY LIMITATIONS REGARDING TYPES OF OR AMOUNTS OF DAMAGES OR LIABILITIES) CONTAINED ANYWHERE IN THIS AGREEMENT WILL APPLY TO VENDOR'S OBLIGATIONS UNDER THIS SECTION."
AtnInternationalInc_20191108_10-Q_EX-10.,Cap On Liability,Cap On Liability,True,True,False,Cap On Liability,0.8072,"Insofar as Vendor's obligations under Subsection (b)(i) result from, arise out of, or relate to a Covered Claim that is a Combination Claim, Vendor shall be liable to pay only its Proportionate Share of the Covered Loss associated with such Combination Claim. | Notwithstanding anything contained in this Agreement to the contrary, neither Party shall be liable to the other Party for any special, consequential, incidental or punitive damages, however caused, based on any theory of liability except to the extent such damages are payable by such Party (a) pursuant to its indemnification obligations under Section 3.15 and infringement indemnification obligations under Section 3.17, (b) arising out of or resulting from such Party's breach of its confidentiality obligations set forth in this Agreement (including Section 3.16, Section 3.48, Section 4.2 and Exhibit A attached hereto) or (c) in connection with a Third Party Loss arising out of or resulting from such Party's violation of applicable Law. | AT&T may elect to, after consultation with Vendor and good faith discussion to negotiate another resolution:

(i) terminate its obligations solely with respect to each Cell Site affected by or related to such Permitting Delay under this Agreement and exercise any of the Termination Remedies set forth in the Build Addendum, without liability to Vendor; provided that AT&T shall pay to Vendor, an amount equal to the demonstrated costs incurred by Vendor for any Work completed (in accordance with applicable Specifications and requirements) to the extent such Work is transferred to AT&T as of the effective time of termination of the applicable terminated Cell Site, which amount shall not exceed $[***]"
AtnInternationalInc_20191108_10-Q_EX-10.,Anti-Assignment,Anti-Assignment,True,True,False,Anti-Assignment,0.8903,"Neither Party may assign, delegate, or otherwise transfer any of its duties or obligations under this Agreement, voluntarily or involuntarily, without the prior written consent of the other Party (which shall not be unreasonably withheld, conditioned or delayed and which shall be signed by an authorized representative of the Party giving such consent); provided, however, that without the consent of Vendor, AT&T may assign its rights, or delegate its duties, or both, in whole or in part, to any present or future Affiliate of AT&T so long as AT&T Mobility LLC shall remain liable for such Affiliate's failure to satisfy its obligations hereunder. | Any assignment, delegation or transfer for which consent is required hereby and which is made without such consent given in writing will be void. | Each Party may assign its rights under the Agreement, but any assignment of rights will be void to the extent that (i) the assignment purports to impose upon the non-assigning Party additional costs or obligations or requires AT&T to make payments to any Person other than Vendor, (ii) the assignment purports to preclude AT&T from dealing solely and directly with Vendor in all matters pertaining to this Agreement, including with respect to payments of Structured Payments and Maintenance Fees or (iii) the assignee is a Restricted Entity."
AtnInternationalInc_20191108_10-Q_EX-10.,Change Of Control,Change Of Control,True,True,False,Change Of Control,0.8196,"Subject to Section 3.5(b), in the event that Vendor, prior to Location Acceptance at all Cell Sites and without the prior written consent of AT&T, consummates (i) any sale, assignment, transfer, license, lease or conveyance of any interest in any Cell Site or any of the Material or Services contemplated in this Agreement or (ii) any Change of Control of Vendor to a Restricted Entity or to any other Person who, in AT&T's reasonable discretion, lacks the financial or operational resources, skill or expertise to fulfill the obligations of Vendor contemplated by this Agreement, then AT&T may terminate this Agreement and exercise any other remedies available to AT&T under this Agreement or at law or equity, including any of its Termination Remedies set forth in the Build Addendum. | If, following Location Acceptance of all Cell Sites, Vendor consummates any Change of Control of Vendor to any Restricted Entity without the prior written consent of AT&T, then AT&T shall have the right, in its sole<omitted>discretion, to (x) immediately terminate the Maintenance Addendum without further liability or obligation (other than payment of Maintenance Fees for Maintenance Services performed prior to the date of such termination), but not this Agreement or the obligation to make the Structured Payments herein; and/or (y) prepay all of the remaining Structured Payments at any time in one lump sum payment without penalty, liability or obligations (including any ""make- whole"" obligation or Close-Out Costs (as such term is defined in the Build Addendum))."
AtnInternationalInc_20191108_10-Q_EX-10.,Ip Ownership Assignment,Ip Ownership Assignment,True,True,False,Ip Ownership Assignment,0.9819,"To the extent needed to perfect AT&T's ownership in AT&T Data, Vendor hereby assigns all right, title and interest in AT&T Data to AT&T. | Vendor shall assign or have assigned to AT&T and hereby assigns to AT&T all Intellectual Property Rights in and to the Paid-For Development. | To the extent needed to perfect AT&T's ownership in AT&T Derived Data, Vendor hereby assigns all right, title and interest in AT&T Derived Data to AT&T. | AT&T shall be the exclusive owner of all right, title, and interest in and to all Paid- For Development (defined below), including, without limitation, all Intellectual Property Rights therein and thereto."
AtnInternationalInc_20191108_10-Q_EX-10.,Irrevocable Or Perpetual License,Irrevocable Or Perpetual License,True,False,True,License Grant,0.8867,"Vendor hereby grants and promises to grant and have granted to AT&T and its Affiliates a royalty-free, nonexclusive, sublicensable, assignable, transferable, irrevocable, perpetual, world- wide license in and to any applicable Intellectual Property Rights of Vendor to use, copy, modify, distribute, display, perform, import, make, sell, offer to sell, and exploit (and have others do any of the foregoing on or for AT&T's or any of its customers' behalf or benefit) any Intellectual Property Rights of Vendor or any third party that are not included in Material or Paid-For Development but necessary to operate the Cell Sites or receive the full benefit of the Work."
BloomEnergyCorp_20180321_DRSA (on S-1)_E,Uncapped Liability,Uncapped Liability,True,True,False,Uncapped Liability,0.8157,"provided that such limitation of liability shall not apply to any liability that is the result of (i) gross negligence, fraud or willful misconduct of a Party, (ii) a Third Party Claim, (iii) the failure to pay the Service Fees (which amount shall not be included in calculating Owner's Maximum Liability), (iv) a claim of Owner against BE or Operator in the event of any breach, default or misrepresentation of any representation and warranty or covenant set forth in Section 8.2(e) or (v) a claim of Owner against BE or Operator under Section 2.8. | Subject always to the Maximum Liability limitations set forth in the preceding sentence, except for damages specifically provided for in this Agreement or in connection with the indemnification for damages awarded to a third party under a Third Party Claim, damages hereunder are limited to direct damages, and in no event shall a Party be liable to the other Party, and the Parties hereby waive claims, for (a) indirect, punitive, special or consequential damages or loss of profits; provided, however, that the loss of profits language set forth in this Section 7.1 shall not be interpreted to exclude from Indemnifiable Losses any claim, demand, suit, loss, liability, damage, obligation, payment, cost or expense (including the cost and expense of any action, suit, proceeding, assessment, judgment, settlement or compromise relating thereto and reasonable attorneys' fees and reasonable<omitted>disbursements in connection therewith) that would otherwise be included in the definition of Indemnifiable Losses because they result from a reduction in the profits of Owner, Diamond State Generation Holdings, LLC, or both, and (b) losses or liabilities incurred by the officers, directors, members, managers, partners, shareholders or Affiliates of such Party (unless on behalf of Owner)."
BloomEnergyCorp_20180321_DRSA (on S-1)_E,Cap On Liability,Cap On Liability,True,True,False,Cap On Liability,0.7992,"Subject always to the Maximum Liability limitations set forth in the preceding sentence, except for damages specifically provided for in this Agreement or in connection with the indemnification for damages awarded to a third party under a Third Party Claim, damages hereunder are limited to direct damages, and in no event shall a Party be liable to the other Party, and the Parties hereby waive claims, for (a) indirect, punitive, special or consequential damages or loss of profits; provided, however, that the loss of profits language set forth in this Section 7.1 shall not be interpreted to exclude from Indemnifiable Losses any claim, demand, suit, loss, liability, damage, obligation, payment, cost or expense (including the cost and expense of any action, suit, proceeding, assessment, judgment, settlement or compromise relating thereto and reasonable attorneys' fees and reasonable<omitted>disbursements in connection therewith) that would otherwise be included in the definition of Indemnifiable Losses because they result from a reduction in the profits of Owner, Diamond State Generation Holdings, LLC, or both, and (b) losses or liabilities incurred by the officers, directors, members, managers, partners, shareholders or Affiliates of such Party (unless on behalf of Owner). | Notwithstanding anything to the contrary provided herein, in no event shall Operator be liable under this Agreement (including with respect to its obligations related to the Facility Service Warranty, the Power Performance Warranty or Warranty Specification) for (i) any failure of or damage to the Bloom System or (ii) any obligations on the part of Operator (including internal rate of return or other financial metrics or any obligations to deliver power to Owner or service the Bloom System) caused by or arising from (A) Owner's (as opposed to Operator or Operator's Affiliate or subcontractor acting as operator under this Agreement) failure to properly protect the Bloom Systems from vandalism or other third- party's actions or omissions, (B) Owner's (as opposed to Operator or Operator's Affiliate or subcontractor acting as operator under this Agreement) failure to use the specified input fuel; (C) Owner's (as opposed to Operator or Operator's Affiliate or subcontractor acting as operator under this Agreement) removal of any safety devices, (D) Force Majeure Events, (E) installation, operation, repair or modification of the Bloom Systems by anyone other than Operator or Operator's authorized agents or Owner's operator acting pursuant to a operating and maintenance agreement provided such operator is acting in accordance with Prudent Electrical Practices and information or materials supplied by Operator or its Affiliates, or (F) any defect in construction materials or workmanship of the BOF or any deficiency in design of the BOF by BE, provided that the exclusions in this clause (F) shall not extend to any warranty claim to the extent caused by or arising from (1) any defect in construction materials or workmanship of the BOF or (2) any deficiency in design of the BOF by BE, in each case during the period while the MESPA Section 8.2(b) Warranty is in effect. | If the Efficiency Bank reaches a balance of less than zero during the Warranty Period, Operator shall reimburse Owner for any Gas Payment Shortfall that Owner incurs within ten (10) days after Owner provides notice to Operator of such shortfall amount; provided that Operator's cumulative aggregate liability under this Section 2.8 plus any payments required to be made by Operator under Section 2.5(c) shall not exceed an amount equal to (i) one hundred percent (100%) of the aggregate Purchase Price of all Bloom Systems in the Portfolio during the applicable period and the purchase price under the December 30 Bill of Sale (inclusive of any amounts paid or for which a pending claim has been made for under the Gas Payment Shortfall under the MESPA), less (ii) the aggregate of all amounts paid by Operator (or claimed against Operator in the case of any claims that are pending at the time of such calculation) with respect to claims under Section 2.5(c) hereunder or Sections 8.2(b) and 8.3(c) of the MESPA. | Notwithstanding anything to the contrary in this Agreement, in no event shall a Party be liable to the other Party for an aggregate amount in excess of the Maximum Liability; | In the case of a claim relating to the Power Performance Warranty for a One-Year Power Performance Warranty Period, upon receipt of such notice and verification that such One-Year Power Performance Warranty is applicable, Operator shall make a payment to Owner in an amount to be calculated pursuant to Section 2.6; provided that the cumulative aggregate amount of Operator's liability for all claims under this Section 2.5(c) shall not exceed [***] of the aggregate Purchase Price of all Bloom Systems in the Portfolio during the applicable period and the purchase price under the December 30 Bill of Sale (inclusive of any amounts paid or for which a pending claim has been made under the Power Performance Warranty or the Section 8.2(b) Warranty, as applicable, under the MESPA)."
BloomEnergyCorp_20180321_DRSA (on S-1)_E,Anti-Assignment,Anti-Assignment,True,True,False,Anti-Assignment,0.9744,"This Agreement and all of the provisions hereof shall be binding upon and inure to the benefit of the Parties and their respective successors and permitted assigns (including by operation of law), but neither this Agreement nor any of the rights, interests or obligations hereunder shall be assigned by any Party, whether by operation of law or otherwise, without the prior written consent of the other Party; provided that either Party may collaterally assign its rights under this Agreement to any party providing debt or equity financing to such Party without the consent of the other Party."
InmodeLtd_20190729_F-1A_EX-10.9_11743243,Cap On Liability,Cap On Liability,True,True,False,Cap On Liability,0.787,"IN ADDITION, NOTWITHSTANDING ANYTHING TO THE CONTRARY HEREIN OR OTHERWISE, THE PARTIES ACKNOWLEDGE THAT AS AN ELECTRONIC MANUFACTURING SERVICES PROVIDER WORKING ON A COST PLUS BASIS SUPPLIER MUST LIMIT ITS LIABILITY IN CONNECTION HEREWITH AND THEREFORE, CONTRACTOR'S LIABILITY IS FURTHER LIMITED IN ANY EVENT, UNDER ANY LAW, RULE OR REGULATION, TO ANY AMOUNT IT ACTUALLY RECEIVED IN CONSIDERATION OF THE MANUFACTURING SUBJECT MATTER OF THE RESPECTIVE CLAIM OR DEMAND BY CUSTOMER OR ANY THIRD PARTY. | Upon any failure of a Product to comply with the above warranty, Contractor's sole obligation, and Customer's sole remedy, is for Contractor, at its option, to promptly repair or replace such Product and return it to Customer freight prepaid. | IN NO EVENT SHALL EITHER PARTY BE LIABLE TO THE OTHER FOR ANY INCIDENTAL, CONSEQUENTIAL, SPECIAL OR PUNITIVE DAMAGES OF ANY KIND OR NATURE ARISING OUT OF THIS AGREEMENT OR THE SALE OF PRODUCTS, WHETHER SUCH LIABILITY IS ASSERTED ON THE BASIS OF CONTRACT, TORT (INCLUDING THE POSSIBILITY OF NEGLIGENCE OR STRICT LIABILITY), OR OTHERWISE, EVEN IF THE PARTY HAS BEEN WARNED OF THE POSSIBILITY OF ANY SUCH LOSS OR DAMAGE."
InmodeLtd_20190729_F-1A_EX-10.9_11743243,Non-Compete,Non-Compete,True,True,False,Non-Compete,1.0,"During the Term, of this Agreement and for an additional period of two (2) years from the date of termination of this Agreement, the Contractor undertakes not to develop on its own account any Product."
InmodeLtd_20190729_F-1A_EX-10.9_11743243,Anti-Assignment,Anti-Assignment,True,True,False,Anti-Assignment,1.0,"Neither Party shall have the right to assign or otherwise transfer its rights or obligations under this Agreement except with the prior written consent of the other Party, not to be unreasonably withheld or delayed."
InmodeLtd_20190729_F-1A_EX-10.9_11743243,Termination For Convenience,Termination For Convenience,True,True,False,Termination For Convenience,1.0,"Notwithstanding anything to the contrary stated in this Agreement, either party may terminate this Agreement at any time without cause by giving to the other party, not less than four (4) months written notice."
KitovPharmaLtd_20190326_20-F_EX-4.15_115,Uncapped Liability,Uncapped Liability,True,True,False,Uncapped Liability,1.0,"Nothing in this Section ​8.7 shall operate to limit or exclude any liability under Section ​8.5 with respect to a Claim, or for fraud, or for breach by a Party of the provisions of Article ​7."
KitovPharmaLtd_20190326_20-F_EX-4.15_115,Cap On Liability,Cap On Liability,True,True,False,Cap On Liability,0.9487,"Dexcel's responsibility for Product supplied by it to Kitov failing to meet the Specifications shall be limited to the replacement of the Product or the refund of the Supply Price paid by Kitov for such order, as agreed by the parties, except as otherwise provided under this Agreement. | Without prejudice to any other limitation (whether effective or not) of either Party's liability, neither Party shall be liable to the other Party (whether in contract, tort (including negligence) or for breach of statutory duty or otherwise) for any loss of profits, use, opportunity, goodwill, business or anticipated savings, for any indirect, incidental, special, indirect, punitive or consequential losses (in each case, irrespective of any negligence or other act, default or omission of a Party (or its employees or agents) and regardless of whether such loss or claim was foreseeable or not and whether the other Party has been informed of the possibility of such loss)."
KitovPharmaLtd_20190326_20-F_EX-4.15_115,Anti-Assignment,Anti-Assignment,True,True,False,Anti-Assignment,0.9985,"Notwithstanding the aforesaid, either Party shall be entitled to assign, delegate, and/or subcontract its rights and obligation under this Agreement, in whole or in part, to one or more of its Affiliates on prior written notice to the other Party. | For purposes of this Agreement, any merger, consolidation, or change of corporate structure following which there is a Change of Control of Kitov shall be considered as an assignment by Kitov, allowing Dexcel to terminate the Agreement as heretofore provided."
KitovPharmaLtd_20190326_20-F_EX-4.15_115,Change Of Control,Change Of Control,True,True,False,Change Of Control,0.9911,"The affected Party is obligated to notify the other Party of its decision to terminate within thirty (30) days following notice of the Change of Control. | For purposes of this Agreement, any merger, consolidation, or change of corporate structure following which there is a Change of Control of Kitov shall be considered as an assignment by Kitov, allowing Dexcel to terminate the Agreement as heretofore provided. | This Agreement may be terminated:<omitted>in the event of a Change of Control, the Party which was not subject to the Change of Control may terminate this Agreement upon six (6) months advance written notification."
UpjohnInc_20200121_10-12G_EX-2.6_1194869,Uncapped Liability,Cap On Liability,False,False,False,Cap On Liability,0.8759,"NOTWITHSTANDING ANY OTHER PROVISION OF THIS AGREEMENT TO THE CONTRARY, EXCEPT FOR DAMAGES OR CLAIMS ARISING OUT OF (I) A BREACH OF SECTION 13 OF THIS AGREEMENT, (II) CUSTOMER LIABILITIES PURSUANT TO, AND SUBJECT TO THE LIMITATIONS SET FORTH IN, SECTION 2.5(E), (III) A PARTY'S OR ITS PERSONNEL'S GROSS NEGLIGENCE, FRAUD OR WILLFUL MISCONDUCT, (IV) A PARTY'S WILLFUL BREACH OF THIS AGREEMENT, OR (V) A PARTY'S INDEMNIFICATION OBLIGATION WITH RESPECT TO THIRD PARTY CLAIMS UNDER SECTION 10.1 OR SECTION 10.2, IN NO EVENT SHALL EITHER PARTY BE LIABLE TO THE OTHER PARTY OR ANY INDEMNIFIED PARTY HEREUNDER FOR ANY CONSEQUENTIAL DAMAGES, SPECIAL DAMAGES, INCIDENTAL OR INDIRECT DAMAGES, LOSS OF REVENUE OR PROFITS, DIMINUTION IN VALUE, DAMAGES BASED ON MULTIPLE OF REVENUE OR EARNINGS OR OTHER PERFORMANCE METRIC, LOSS OF BUSINESS REPUTATION, PUNITIVE AND EXEMPLARY DAMAGES OR ANY SIMILAR DAMAGES ARISING OR RESULTING FROM OR RELATING TO THIS AGREEMENT, WHETHER SUCH ACTION IS BASED ON WARRANTY, CONTRACT, TORT (INCLUDING NEGLIGENCE OR STRICT LIABILITY) OR OTHERWISE. | Except in the event of (i) Third Party Claims subject to a Party's indemnification obligations pursuant to Section 10.1, (ii) Third Party Claims subject to a Party's indemnification obligations pursuant to Section 10.2, (iii) the gross negligence, fraud or willful misconduct of a Party or its Personnel, (iv) a Party's willful breach of this Agreement, (v) a breach of Section 13 or (vi) customer liabilities pursuant to, and subject to the limitations set forth in, Section 2.5(e), neither Party's aggregate liability to the other Party (or its Personnel that are indemnitees under Section 10.1 or Section 10.2, as applicable) under this Agreement for the initial twelve (12) month period immediately following the Effective Date, and for any twelve (12) month period thereafter during the Term, shall exceed, on a cumulative basis, the amount that is one and one half (11∕2) times the aggregate amounts paid or payable pursuant to this Agreement in the preceding twelve (12) month period preceding the loss date by Customer to Manufacturer but solely with respect to the supply hereunder of Product (or Products) for which such corresponding liability arose (the ""Affected Products"") and not any other Products (or if, as of the time the liability arises, this Agreement has not been in effect for twelve (12) months, then the amounts paid or payable by Customer to Manufacturer hereunder during the period from the Effective Date until such time the liability arises, shall be annualized to a full twelve (12) months but solely with respect to the supply hereunder of the Affected Product(s) and not any other Products)."
UpjohnInc_20200121_10-12G_EX-2.6_1194869,Cap On Liability,Cap On Liability,True,True,False,Cap On Liability,0.8759,"NOTWITHSTANDING ANY OTHER PROVISION OF THIS AGREEMENT TO THE CONTRARY, EXCEPT FOR DAMAGES OR CLAIMS ARISING OUT OF (I) A BREACH OF SECTION 13 OF THIS AGREEMENT, (II) CUSTOMER LIABILITIES PURSUANT TO, AND SUBJECT TO THE LIMITATIONS SET FORTH IN, SECTION 2.5(E), (III) A PARTY'S OR ITS PERSONNEL'S GROSS NEGLIGENCE, FRAUD OR WILLFUL MISCONDUCT, (IV) A PARTY'S WILLFUL BREACH OF THIS AGREEMENT, OR (V) A PARTY'S INDEMNIFICATION OBLIGATION WITH RESPECT TO THIRD PARTY CLAIMS UNDER SECTION 10.1 OR SECTION 10.2, IN NO EVENT SHALL EITHER PARTY BE LIABLE TO THE OTHER PARTY OR ANY INDEMNIFIED PARTY HEREUNDER FOR ANY CONSEQUENTIAL DAMAGES, SPECIAL DAMAGES, INCIDENTAL OR INDIRECT DAMAGES, LOSS OF REVENUE OR PROFITS, DIMINUTION IN VALUE, DAMAGES BASED ON MULTIPLE OF REVENUE OR EARNINGS OR OTHER PERFORMANCE METRIC, LOSS OF BUSINESS REPUTATION, PUNITIVE AND EXEMPLARY DAMAGES OR ANY SIMILAR DAMAGES ARISING OR RESULTING FROM OR RELATING TO THIS AGREEMENT, WHETHER SUCH ACTION IS BASED ON WARRANTY, CONTRACT, TORT (INCLUDING NEGLIGENCE OR STRICT LIABILITY) OR OTHERWISE. | Notwithstanding the foregoing clauses (i) through (v) of this Section 5.2(e) or anything else contained in this Agreement or any Facility Addendum or Quality Agreement, Manufacturer shall have no liability under this Agreement (including under Section 4.11(b) or Section 10.1) or any Facility Addendum or Quality Agreement for any Non-Complying Product which is non-complying due to any Non-Complying Customer-Supplied Materials or Non-Complying Buy-Sell Materials. | Notwithstanding the foregoing, Manufacturer shall not be liable for Losses described in Section 10.1(a) to the extent such Losses are: (i) caused by the gross negligence, fraud or willful misconduct of a Customer Indemnified Party in connection with the performance or non-performance of this Agreement; (ii) caused by the breach of any of the terms of this Agreement or a Facility Addendum by a Customer Indemnified Party, including in connection with the performance or non-performance of this Agreement or (iii) subject to Customer's indemnification obligations pursuant to Section 10.2. | Except in the event of (i) Third Party Claims subject to a Party's indemnification obligations pursuant to Section 10.1, (ii) Third Party Claims subject to a Party's indemnification obligations pursuant to Section 10.2, (iii) the gross negligence, fraud or willful misconduct of a Party or its Personnel, (iv) a Party's willful breach of this Agreement, (v) a breach of Section 13 or (vi) customer liabilities pursuant to, and subject to the limitations set forth in, Section 2.5(e), neither Party's aggregate liability to the other Party (or its Personnel that are indemnitees under Section 10.1 or Section 10.2, as applicable) under this Agreement for the initial twelve (12) month period immediately following the Effective Date, and for any twelve (12) month period thereafter during the Term, shall exceed, on a cumulative basis, the amount that is one and one half (11∕2) times the aggregate amounts paid or payable pursuant to this Agreement in the preceding twelve (12) month period preceding the loss date by Customer to Manufacturer but solely with respect to the supply hereunder of Product (or Products) for which such corresponding liability arose (the ""Affected Products"") and not any other Products (or if, as of the time the liability arises, this Agreement has not been in effect for twelve (12) months, then the amounts paid or payable by Customer to Manufacturer hereunder during the period from the Effective Date until such time the liability arises, shall be annualized to a full twelve (12) months but solely with respect to the supply hereunder of the Affected Product(s) and not any other Products). | Notwithstanding the foregoing, Customer shall not be liable for Losses described in Section 10.2(a) to the extent such Losses are: (i) caused by the gross negligence, fraud or willful misconduct of a Manufacturer Indemnified Party in connection with the performance or non-performance of this Agreement; (ii) caused by the breach of any of the terms of this Agreement or any Facility Addendum by a Manufacturer Indemnified Party or (iii) are subject to Manufacturer's indemnification obligation pursuant to Section 10.1. | In the event of a Triggering Event, Manufacturer shall be liable for any actual amounts that Customer is contractually required to pay to any Third-Party customer of Customer that result from Customer's inability to supply the affected Product to such Third-Party customer as a direct result of such Triggering Event; provided that (1) Customer shall provide to Manufacturer appropriate evidence of such amounts (including invoices from the applicable customers) and the applicable contractual requirements (redacted, in each case, of information pertaining to pricing and other commercial terms that are not directly related to the claimed amounts), it being understood and agreed that, upon request, Manufacturer will enter into customary confidentiality arrangements prior to such information being shared and (2) Manufacturer shall not be liable for any such amounts in the aggregate in any Fiscal Year in excess of the aggregate Conversion Cost Markup during such Fiscal Year with respect to all Products manufactured at the Facility that is the subject of the applicable Triggering Event. ""Conversion Cost Markup"" means, for a Product for any Fiscal Year, ten percent (10%) of the product of (A) Manufacturer's Standard Conversion Cost for such Product for such Fiscal Year and (B) the quantity of such Product ordered by Customer for delivery during such Fiscal Year. | Where a Party or any member of its Group is required by this Agreement to reimburse or indemnify the other Party or any member of its Group for any cost or expense, the reimbursing or indemnifying Party (or the applicable member of its Group) shall reimburse or indemnify the other Party (or the applicable member of its Group) for the full amount of the cost or expense, inclusive of any amounts in respect of VAT imposed on that amount to the extent properly reflected on a valid invoice, except to the extent that the reimbursed or indemnified Party reasonably determines that it (or such member of its Group), or a member of the same group as it (or such member of its Group) for VAT purposes, is entitled to credit for or repayment of that VAT from any relevant taxing authority. | Furthermore, Customer shall not be liable for Losses pursuant to Section 10.2(a)(iii) above to the extent such infringement or misappropriation is caused by Manufacturer's unauthorized use or unauthorized modification of any Customer Property, Customer- Owned Improvements and Developments, Buy-Sell Materials or Customer-Supplied Materials."
UpjohnInc_20200121_10-12G_EX-2.6_1194869,Anti-Assignment,Anti-Assignment,True,True,False,Anti-Assignment,0.816,"Except as otherwise provided in this Section 17.5, neither Party shall assign this Agreement or any rights, benefits or obligations under or relating to this Agreement, in each case whether by operation of law or otherwise, without the other Party's prior written consent (not to be unreasonably withheld, conditioned or delayed). | Subject to Section 7.4, Manufacturer may, without Customer's consent, assign the rights and obligations of this Agreement (i) on a Facility-by-Facility basis, to a Third Party in connection with a bona fide transfer, sale or divestiture of such Facility or (ii) to any Third Party which acquires or succeeds to all or substantially all of the assets of the business of Manufacturer to which this Agreement and the Facility Addendum relates (including in connection with such business's spin-off, merger or consolidation with another company or business entity). | Any attempted assignment that contravenes the terms of this Agreement shall be void ab initio and of no force or effect. | Notwithstanding anything to the contrary in this Agreement, neither Party may assign this Agreement in whole or in part to a Restricted Party. | In the event that Manufacturer or any of its Affiliates, directly or indirectly, sells, assigns, leases, conveys, transfers or otherwise disposes of any Facility (a ""Facility Disposition""), then Manufacturer shall immediately notify Customer of such event and Customer shall be entitled for a period of six (6) months after the receipt of such notice to terminate any Facility Addendum with respect to such Facility for cause immediately upon written notice to Manufacturer and, in the event Customer decides not to terminate the Facility Addendum for cause, Customer shall be entitled for a period of two (2) years (or such longer period in order to obtain approval for manufacture from all applicable Governmental Authorities) after<omitted>receipt of such notice to receive Technical Support at Manufacturer's sole cost to enable Customer to orderly transfer production of affected Product or Products to a Customer facility or an alternative facility as designated by Customer; provided that Manufacturer shall notify Customer of any proposed or planned Facility Disposition by Manufacturer or any of its Affiliates as soon as reasonably practicable and in any event no later than the date that is three (3) months prior to the effective date of such Facility Disposition. | Customer may, without Manufacturer's consent, assign the rights and obligations of this Agreement (i) on a Product-by-Product basis, to a Third Party in connection with a bona fide transfer, sale or divestiture of all or substantially all of its business to which such Product relates or in the event of such business's spin-off, merger or consolidation with another company or business entity or (ii) to any Third Party which acquires or succeeds to all or substantially all of the assets of the business of Customer to which this Agreement and the Facility Addenda relate (including in connection with such business's spin-off, merger or consolidation with another company or business entity)."
UpjohnInc_20200121_10-12G_EX-2.6_1194869,Ip Ownership Assignment,Ip Ownership Assignment,True,True,False,Ip Ownership Assignment,0.8961,"Customer acknowledges and agrees that, as between the Parties, all Improvements and Developments made by or on behalf of Manufacturer in the conduct of activities under this Agreement or a Facility Addendum other than Customer-Owned Improvements and Developments (such Improvements and Developments, collectively, ""Manufacturer-Owned Improvements and Developments"") shall be the exclusive property of Manufacturer, and Manufacturer shall own all rights, title and interest in and to such Manufacturer- Owned Improvements and Developments. | Manufacturer acknowledges and agrees that, as between the Parties, any Improvements or Developments that are specific to and otherwise solely relate to, the manufacturing, processing or packaging of Products (such Improvements and Developments, collectively, ""Customer-Owned Improvements and Developments"") shall be the exclusive property of Customer, and Customer shall own all rights, title and interest in and to such Customer-Owned Improvements and Developments. | Manufacturer agrees to and hereby does irrevocably transfer, assign and convey, and shall cause its Personnel to irrevocably transfer, assign and convey, all rights, title and interest in and to each of the Customer-Owned Improvements and Developments to Customer free and clear of any encumbrances, and Manufacturer agrees to execute, and shall cause its subcontractors and Personnel to execute, all documents necessary to do so. | Customer agrees to and hereby does irrevocably transfer, assign and convey, and shall cause its Personnel to irrevocably transfer, assign and convey, all rights, title and interest in and to each of the Manufacturer-Owned Improvements and Developments to Manufacturer free and clear of any encumbrances, and Customer agrees to execute, and shall cause its Personnel and subcontractors to execute, all documents necessary to do so. All such assignments shall include existing or prospective Intellectual Property rights therein in any country."
CcRealEstateIncomeFundadv_20181205_POS 8,Cap On Liability,Cap On Liability,True,True,False,Cap On Liability,1.0,"Notwithstanding anything to the contrary herein, in no event shall S2K be entitled to receive fees or compensation that would cause a Fund's sales charges to exceed the maximum amount allowed under FINRA rules or applicable law. | Any and all claims, losses, cost or expenses shall be limited to actual and direct costs. | In no event shall any party be responsible to the other for indirect, special or consequential damages."
CcRealEstateIncomeFundadv_20181205_POS 8,Anti-Assignment,Anti-Assignment,True,True,False,Anti-Assignment,1.0,"No party to this Agreement has the right to assign any of its rights or obligations hereunder, except as already set forth under this Agreement."
CcRealEstateIncomeFundadv_20181205_POS 8,Termination For Convenience,Termination For Convenience,True,True,False,Termination For Convenience,1.0,The term of this Agreement shall commence on the Effective Date and shall end on the 60th day following a written notice from one party to the other of its decision to terminate this Agreement at the end of such 60-day period or upon termination of the applicable Distribution Agreement with respect to a Fund.
EmmisCommunicationsCorp_20191125_8-K_EX-,Anti-Assignment,Anti-Assignment,True,True,False,Anti-Assignment,1.0,"Programmer may not assign this Agreement without the prior written consent of Licensee, which shall not be unreasonably withheld, conditioned, or delayed."
TodosMedicalLtd_20190328_20-F_EX-4.10_11,Uncapped Liability,Uncapped Liability,True,True,False,Uncapped Liability,1.0,"Except with regard to a breach of confidentiality, a party's indemnification obligations hereunder, or infringement of intellectual property rights, either party's total liability to the other party under this Agreement shall be limited to the amounts paid or payable by the Reseller to Todos during the twelve-month period preceding the interposition of the claim."
TodosMedicalLtd_20190328_20-F_EX-4.10_11,Cap On Liability,Cap On Liability,True,True,False,Cap On Liability,0.9036,"IN NO EVENT SHALL EITHER PARTY BE LIABLE TO THE OTHER PARTY FOR ANY INCIDENTAL, CONSEQUENTIAL, INDIRECT, SPECIAL, OR PUNITIVE DAMAGES (INCLUDING, BUT NOT LIMITED TO, LOST PROFITS, BUSINESS INTERRUPTION, LOSS OF BUSINESS INFORMATION OR OTHER PECUNIARY LOSS) REGARDLESS OF WHETHER SUCH LIABILITY IS BASED ON BREACH OF CONTRACT, TORT (INCLUDING NEGLIGENCE), STRICT LIABILITY, BREACH OF WARRANTIES, FAILURE OF ESSENTIAL PURPOSE OR OTHERWISE AND EVEN IF ADVISED OF THE POSSIBILITY OF SUCH DAMAGES. | Except with regard to a breach of confidentiality, a party's indemnification obligations hereunder, or infringement of intellectual property rights, either party's total liability to the other party under this Agreement shall be limited to the amounts paid or payable by the Reseller to Todos during the twelve-month period preceding the interposition of the claim."
TodosMedicalLtd_20190328_20-F_EX-4.10_11,Anti-Assignment,Anti-Assignment,True,True,False,Anti-Assignment,1.0,"This Agreement and the rights granted hereunder shall not be assigned, encumbered by security interest or otherwise transferred by the Reseller without the prior written consent of Todos, except for the assignment or transfer of rights to a subsidiary company or an affiliated company."
VertexEnergyInc_20200113_8-K_EX-10.1_119,Anti-Assignment,Anti-Assignment,True,True,False,Anti-Assignment,1.0,"Neither Party shall assign or transfer any rights or obligations hereunder without the express prior written consent of the other Party, which may not be unreasonably withheld."
VertexEnergyInc_20200113_8-K_EX-10.1_119,Change Of Control,Change Of Control,True,True,False,Change Of Control,1.0,A Party may terminate the JSMA immediately upon the delivery of written notice to the other Party if there has been a Change in Control.
XpresspaGroupInc_20190401_10-K_EX-10.28_,Cap On Liability,Cap On Liability,True,True,False,Cap On Liability,0.9857,"EXCEPT WITH RESPECT TO EACH PARTY'S INDEMNIFICATION OBLIGATIONS UNDER THIS AGREEMENT, (A) UNDER NO CIRCUMSTANCE AND UNDER NO LEGAL THEORY (TORT, CONTRACT, OR OTHERWISE), SHALL EITHER PARTY BE LIABLE TO THE OTHER PARTY FOR ANY LOST PROFITS, LOSS OF OPPORTUNITY OR OTHER SPECIAL, PUNITIVE, INDIRECT, OR CONSEQUENTIAL DAMAGES SUFFERED BY THE OTHER PARTY ARISING IN CONNECTION WITH THIS AGREEMENT; AND (B) THE MAXIMUM LIABILITY OF EACH PARTY IN ANY WAY RELATED TO THIS AGREEMENT SHALL NOT EXCEED $2,000,000.00 (EXCLUDING ANY AMOUNTS DUE AND PAYABLE PURSUANT TO SECTION ​8 HEREUNDER)."
XpresspaGroupInc_20190401_10-K_EX-10.28_,Non-Compete,Non-Compete,True,False,True,Exclusivity,0.9508,"Throughout the Term and for a period of six (6) months after the expiration or termination of this Agreement, neither XSPA nor any of its affiliates shall, directly or indirectly, sell, offer for sale, market or promote any digital meditation or digital sleep products (other than the Products), including online or in any Store in the Territory, without the express prior written consent of Calm. | Throughout the Term and for a period of six (6) months after the expiration or termination of this Agreement, neither Calm nor any of its affiliates shall, directly or indirectly, sell, offer for sale, market or promote any digital meditation or digital sleep products in any retail location located in an airport other than in collaboration with XSPA, without the express prior written consent of XSPA."
XpresspaGroupInc_20190401_10-K_EX-10.28_,Anti-Assignment,Anti-Assignment,True,True,False,Anti-Assignment,1.0,"Neither Party shall assign or transfer this Agreement or its rights hereunder without first obtaining the consent of the other, in writing, which consent shall not unreasonably be withheld or delayed."
XpresspaGroupInc_20190401_10-K_EX-10.28_,Change Of Control,Change Of Control,True,True,False,Change Of Control,0.8943,"Subject to the foregoing, this Agreement shall be binding upon and inure to the benefit of the Parties hereto and their respective permitted successors and assigns; provided, however, Calm may, without the prior written consent of XSPA, assign or otherwise transfer its rights and obligations to an affiliate of Calm or the acquirer of all or substantially all of the assets of Calm; provided, however, that the prior written consent of XSPA shall be required in connection with the assignment to an acquirer of all or substantially all of the assets of Calm if such acquirer's primary business is an airport-based provider of spa services."
XpresspaGroupInc_20190401_10-K_EX-10.28_,Ip Ownership Assignment,Ip Ownership Assignment,True,True,False,Ip Ownership Assignment,1.0,"If any Product Collateral IP (or any aspect thereof) are not designed and/or created by Calm, such Product Collateral IP (or aspect thereof) shall be deemed ""works made for hire"" for Calm within the meaning of the U.S. Copyright Law and/or other applicable comparable laws or, if they do not so qualify, all ownership rights thereto shall be, and are hereby, assigned to Calm."
XpresspaGroupInc_20190401_10-K_EX-10.28_,Covenant Not To Sue,Covenant Not To Sue,True,True,False,Covenant Not To Sue,1.0,"Neither Party shall do or cause to be done any act or thing that may in any way adversely affect any rights of the other Party in and to such other Party's Marks or any registrations thereof or that, directly or indirectly, may reduce the value of such Marks or detract from any Mark's reputation, including challenging the ownership, validity or enforceability of such Marks."
FerroglobePlc_20150624_F-4A_EX-10.20_915,Cap On Liability,Cap On Liability,True,True,False,Cap On Liability,1.0,The liability of EIT will be limited to a value equal to contractual value as per clause 7.1 and will not exceed this value.
FerroglobePlc_20150624_F-4A_EX-10.20_915,Termination For Convenience,Termination For Convenience,True,True,False,Termination For Convenience,1.0,"The Agreement rests, for all that, cancellable at any time by any of the parties before the expiry date of the Agreement or any of itsrenewals, upon three months prior written notice."
ParatekPharmaceuticalsInc_20170505_10-KA,Uncapped Liability,Uncapped Liability,True,True,False,Uncapped Liability,0.9346,"EXCEPT AS SET FORTH BELOW IN THIS SECTION 13.4(b), [* * *], AS APPLICABLE, IN NO EVENT SHALL A PARTY'S LIABILITY, HOWEVER CAUSED AND ON ANY THEORY OF LIABILITY, BE GREATER THAN, PER CLAIM OR SERIES OF CLAIMS ARISING FROM THE SAME CAUSE OF ACTION, [* * *]. | EXCEPT AS SET FORTH BELOW IN THIS SECTION 13.4(b), IN NO EVENT WILL SUPPLIER'S LIABILITY, [* * *], BE GREATER THAN, PER CLAIM OR SERIES OF CLAIMS ARISING FROM THE SAME CAUSE OF ACTION, [* * *]. | For clarity, nothing in this Section 3.1 limits Supplier's liability under this Agreement or under law, including liability for negligence, willful misconduct and failure to comply with Product Specifications; [* * *]. | EXCEPT AS SET FORTH BELOW IN THIS SECTION 13.4(b), WITH RESPECT [* * *], IN NO EVENT SHALL A PARTY'S LIABILITY BE GREATER THAN, PER CLAIM OR SERIES OF CLAIMS ARISING FROM THE SAME CAUSE OF ACTION, [* * *]."
ParatekPharmaceuticalsInc_20170505_10-KA,Cap On Liability,Uncapped Liability,False,False,False,Uncapped Liability,0.8977,"EXCEPT AS SET FORTH BELOW IN THIS SECTION 13.4(b), IN NO EVENT WILL SUPPLIER'S LIABILITY, [* * *], BE GREATER THAN, PER CLAIM OR SERIES OF CLAIMS ARISING FROM THE SAME CAUSE OF ACTION, [* * *]. | [* * *], IN NO EVENT SHALL EITHER PARTY BE LIABLE FOR ANY SPECIAL, CONSEQUENTIAL, PUNITIVE, INCIDENTAL OR INDIRECT DAMAGES, OR LOST PROFITS, HOWEVER CAUSED, ON ANY THEORY OF LIABILITY. THIS LIMITATION WILL APPLY EVEN IF THE OTHER PARTY HAS BEEN ADVISED OF THE POSSIBILITY OF SUCH DAMAGE. | NOTWITHSTANDING ANYTHING TO THE CONTRARY IN THIS SECTION 13.4(b), WITH RESPECT TO [* * *] IN NO EVENT SHALL SUPPLIER'S LIABILITY, HOWEVER CAUSED AND ON ANY THEORY OF LIABILITY, BE GREATER THAN, PER CLAIM OR SERIES OF CLAIMS ARISING FROM THE SAME CAUSE OF ACTION, [* * *]. | EXCEPT AS SET FORTH BELOW IN THIS SECTION 13.4(b), [* * *], AS APPLICABLE, IN NO EVENT SHALL A PARTY'S LIABILITY, HOWEVER CAUSED AND ON ANY THEORY OF LIABILITY, BE GREATER THAN, PER CLAIM OR SERIES OF CLAIMS ARISING FROM THE SAME CAUSE OF ACTION, [* * *]. | EXCEPT AS SET FORTH BELOW IN THIS SECTION 13.4(b), WITH RESPECT [* * *], IN NO EVENT SHALL A PARTY'S LIABILITY BE GREATER THAN, PER CLAIM OR SERIES OF CLAIMS ARISING FROM THE SAME CAUSE OF ACTION, [* * *]."
ParatekPharmaceuticalsInc_20170505_10-KA,Anti-Assignment,Anti-Assignment,True,True,False,Anti-Assignment,0.9729,"Supplier shall not assign this Agreement, in whole or in part, to any person without the prior written consent of Customer, except to a Third Party which acquires all, or substantially all, of Supplier's business or assets, whether through merger or otherwise. | Customer shall not assign this Agreement, in whole or in part, to any other person without the prior written consent of Supplier, not to be unreasonably withheld, conditioned or delayed. | The Parties agree that the license grant contained in this Section 11.3 is personal to Supplier only and shall be exercised by Supplier only,"
ParatekPharmaceuticalsInc_20170505_10-KA,Change Of Control,Change Of Control,True,True,False,Change Of Control,1.0,"During the Term, Supplier will promptly notify Customer in writing if at any time a Change of Control shall occur as to Supplier, such notification to be given no later than fifteen (15) days following such Change of Control. [* * *]"
ParatekPharmaceuticalsInc_20170505_10-KA,Termination For Convenience,Termination For Convenience,True,True,False,Termination For Convenience,1.0,"Customer shall have the right to terminate any Scope of Work and corresponding Purchase Order for Services at any time on reasonable advance written notice to Supplier (without terminating this Agreement), in which case Customer shall be responsible for:

[* * *]"
ParatekPharmaceuticalsInc_20170505_10-KA,Ip Ownership Assignment,Ip Ownership Assignment,True,True,False,Ip Ownership Assignment,0.9794,"Supplier agrees to assign (and cause its employees or permitted subcontractors to assign), and does hereby assign, any and all rights, title and interests of Supplier in, to or under any Inventions to Customer. | With respect to any ideas, innovations, Improvements or inventions (whether patentable or non-patentable) developed by Supplier during the Term of this Agreement and [* * *], the Parties agree that, as between Customer and Supplier, Customer shall own all Rights to such Inventions and may obtain patent, copyright, and other proprietary protection respecting such Inventions."
PhotronicsInc_20171219_10-QA_EX-10.28_10,Uncapped Liability,Uncapped Liability,True,True,False,Uncapped Liability,0.9195,"EXCEPT FOR LIABILITY ARISING FROM BREACHES OF A PARTY'S CONFIDENTIALITY OBLIGATIONS CONTAINED IN THE NON-DISCLOSURE CLAUSE IN SECTION 12.17 OF THE CHINA JV OPERATING AGREEMENT, BREACHES OF LICENSE GRANTS CONTAINED HEREIN, AND EXCEPT FOR AMOUNTS PAYABLE TO THIRD PARTIES TO FULFILL INDEMNITY OBLIGATIONS DESCRIBED IN ARTICLE 8, (A) IN NO EVENT SHALL ANY PARTY HAVE ANY LIABILITY TO THE OTHERS, OR TO ANY PARTY CLAIMING THROUGH OR UNDER THE OTHER, FOR ANY LOST PROFITS, ANY INDIRECT, INCIDENTAL, SPECIAL OR CONSEQUENTIAL DAMAGES OF ANY KIND IN ANY WAY ARISING OUT OF OR RELATED TO THIS AGREEMENT, HOWEVER CAUSED AND UNDER ANY THEORY OF LIABILITY, EVEN IF SUCH PARTY HAS BEEN ADVISED OF THE POSSIBILITY OF SUCH DAMAGES; AND (B) IN NO EVENT SHALL A PARTY'S CUMULATIVE LIABILITY ARISING OUT OF THIS AGREEMENT EXCEED THE AMOUNTS ACTUALLY PAID, PAYABLE, RECEIVED OR RECEIVABLE BY SUCH PARTY FOR THE PRODUCTS CONCERNED THEREWITH HEREUNDER PURSUANT TO THIS AGREEMENT DURING THE TWELVE (12) MONTHS PRIOR TO THE OCCURRENCE OF THE INITIAL EVENT FOR WHICH A PARTY RECOVERS DAMAGES HEREUNDER."
PhotronicsInc_20171219_10-QA_EX-10.28_10,Cap On Liability,Uncapped Liability,False,False,False,Uncapped Liability,0.9195,"EXCEPT FOR LIABILITY ARISING FROM BREACHES OF A PARTY'S CONFIDENTIALITY OBLIGATIONS CONTAINED IN THE NON-DISCLOSURE CLAUSE IN SECTION 12.17 OF THE CHINA JV OPERATING AGREEMENT, BREACHES OF LICENSE GRANTS CONTAINED HEREIN, AND EXCEPT FOR AMOUNTS PAYABLE TO THIRD PARTIES TO FULFILL INDEMNITY OBLIGATIONS DESCRIBED IN ARTICLE 8, (A) IN NO EVENT SHALL ANY PARTY HAVE ANY LIABILITY TO THE OTHERS, OR TO ANY PARTY CLAIMING THROUGH OR UNDER THE OTHER, FOR ANY LOST PROFITS, ANY INDIRECT, INCIDENTAL, SPECIAL OR CONSEQUENTIAL DAMAGES OF ANY KIND IN ANY WAY ARISING OUT OF OR RELATED TO THIS AGREEMENT, HOWEVER CAUSED AND UNDER ANY THEORY OF LIABILITY, EVEN IF SUCH PARTY HAS BEEN ADVISED OF THE POSSIBILITY OF SUCH DAMAGES; AND (B) IN NO EVENT SHALL A PARTY'S CUMULATIVE LIABILITY ARISING OUT OF THIS AGREEMENT EXCEED THE AMOUNTS ACTUALLY PAID, PAYABLE, RECEIVED OR RECEIVABLE BY SUCH PARTY FOR THE PRODUCTS CONCERNED THEREWITH HEREUNDER PURSUANT TO THIS AGREEMENT DURING THE TWELVE (12) MONTHS PRIOR TO THE OCCURRENCE OF THE INITIAL EVENT FOR WHICH A PARTY RECOVERS DAMAGES HEREUNDER. | THESE LIMITATIONS SHALL APPLY NOTWITHSTANDING ANY FAILURE OF ESSENTIAL PURPOSE OF ANY REMEDY. | Without limiting the remedies specified in Article 8 and Section 9.2, this Section 6.1 states the exclusive remedy of the Company for failure of a Product to conform to the warranty provisions set forth in this Section 6.1."
ExactSciencesCorp_20180822_8-K_EX-10.1_1,Uncapped Liability,Uncapped Liability,True,True,False,Uncapped Liability,0.9823,"NOTWITHSTANDING ANYTHING TO THE CONTRARY IN THIS AGREEMENT, EXCEPT FOR (A) INDEMNIFICATION OBLIGATIONS OF A PARTY UNDER SECTION 6.1, (B) A BREACH OF SECTION 7 BY A PARTY OR (C) THE WILLFUL MISCONDUCT OR GROSS NEGLIGENCE OF A PARTY, NEITHER PARTY NOR ANY OF ITS AFFILIATES SHALL BE LIABLE TO THE OTHER PARTY OR ANY OF ITS AFFILIATES FOR ANY SPECIAL, PUNITIVE, INDIRECT, INCIDENTAL OR CONSEQUENTIAL DAMAGES, INCLUDING LOST PROFITS, LOST REVENUES OR PENALTIES ARISING FROM OR RELATING TO ANY BREACH OF THIS AGREEMENT, REGARDLESS OF ANY NOTICE OF THE POSSIBILITY OF SUCH DAMAGES."
ExactSciencesCorp_20180822_8-K_EX-10.1_1,Cap On Liability,Uncapped Liability,False,False,False,Uncapped Liability,0.9823,"NOTWITHSTANDING ANYTHING TO THE CONTRARY IN THIS AGREEMENT, EXCEPT FOR (A) INDEMNIFICATION OBLIGATIONS OF A PARTY UNDER SECTION 6.1, (B) A BREACH OF SECTION 7 BY A PARTY OR (C) THE WILLFUL MISCONDUCT OR GROSS NEGLIGENCE OF A PARTY, NEITHER PARTY NOR ANY OF ITS AFFILIATES SHALL BE LIABLE TO THE OTHER PARTY OR ANY OF ITS AFFILIATES FOR ANY SPECIAL, PUNITIVE, INDIRECT, INCIDENTAL OR CONSEQUENTIAL DAMAGES, INCLUDING LOST PROFITS, LOST REVENUES OR PENALTIES ARISING FROM OR RELATING TO ANY BREACH OF THIS AGREEMENT, REGARDLESS OF ANY NOTICE OF THE POSSIBILITY OF SUCH DAMAGES."
ExactSciencesCorp_20180822_8-K_EX-10.1_1,Anti-Assignment,Anti-Assignment,True,True,False,Anti-Assignment,1.0,"This Agreement may not be assigned or otherwise transferred, nor may any right or obligation hereunder be assigned or transferred, by either Party without the prior written consent of the other Party."
ExactSciencesCorp_20180822_8-K_EX-10.1_1,Change Of Control,Change Of Control,True,True,False,Change Of Control,0.9535,"This Agreement may be terminated by either Party upon six (6) months written notice following a Change of Control of Exact; provided that such notice is given within thirty (30) days of the consummation of such Change of Control. | Notwithstanding the foregoing, either Party may, without consent of the other Party, assign this Agreement and its rights and obligations hereunder in whole or in part to an Affiliate of such Party, or in whole to its successor in interest in connection with the sale of all or substantially all of its stock or its assets to which this Agreement relates, or in connection with a merger, acquisition or similar transaction."
ExactSciencesCorp_20180822_8-K_EX-10.1_1,Termination For Convenience,Termination For Convenience,True,True,False,Termination For Convenience,1.0,"After the date that is eighteen (18) months after the Effective Date, either Party may terminate this Agreement upon six (6) months prior written notice to the other Party."
DovaPharmaceuticalsInc_20181108_10-Q_EX-,Uncapped Liability,Uncapped Liability,True,True,False,Uncapped Liability,1.0,"THE FOREGOING SENTENCE SHALL NOT LIMIT (1) THE OBLIGATIONS OF EITHER PARTY TO INDEMNIFY THE OTHER PARTY FROM AND AGAINST THIRD PARTY CLAIMS UNDER SECTION 11.1 OR 11.2, AS APPLICABLE, OR (2) DAMAGES AVAILABLE FOR A PARTY'S BREACH OF THE CONFIDENTIALITY AND NON-USE OBLIGATIONS IN ARTICLE 9."
DovaPharmaceuticalsInc_20181108_10-Q_EX-,Cap On Liability,Cap On Liability,True,True,False,Cap On Liability,0.8008,"NOTWITHSTANDING ANY OTHER PROVISION CONTAINED HEREIN (OTHER THAN AS SET FORTH IN THE SECOND SENTENCE OF THIS SECTION 11.4), IN NO EVENT SHALL DOVA (OR ITS AFFILIATES) OR VALEANT (OR ITS AFFILIATES) BE LIABLE TO THE OTHER OR ANY OF THE OTHER PARTY'S AFFILIATES FOR ANY CONSEQUENTIAL, INCIDENTAL, INDIRECT, SPECIAL, PUNITIVE OR EXEMPLARY DAMAGES (INCLUDING LOST PROFITS) SUFFERED OR INCURRED BY SUCH OTHER PARTY OR ITS AFFILIATES THAT ARISE OUT OF OR RELATE TO THIS AGREEMENT OR IN CONNECTION WITH A BREACH OR ALLEGED BREACH OF THIS AGREEMENT, WHETHER IN CONTRACT, TORT, STRICT LIABILITY OR OTHERWISE, AND REGARDLESS OF ANY NOTICE OF THE POSSIBILITY OF SUCH DAMAGES. | Notwithstanding the above, the sole remedy of Dova for breach of this Section 4.1.2 shall be (i) the adjustment to the promotion fee as set forth in Section 6.1.2 and (ii) the termination right set out in Section 12.2.2."
DovaPharmaceuticalsInc_20181108_10-Q_EX-,Liquidated Damages,Liquidated Damages,True,True,False,Liquidated Damages,1.0,"Solely in the event that Dova has terminated this Agreement pursuant to Section 12.3.1 and notwithstanding anything else herein, in consideration of the promotion services performed by Valeant during the Term, with respect to the Tail Period, Dova shall make payments to Valeant in an amount equal to [***] of the amounts that would have been payable by Dova to Valeant with respect to such Tail Period pursuant to Section 6.1 had the Agreement not been so terminated."
DovaPharmaceuticalsInc_20181108_10-Q_EX-,Non-Compete,Non-Compete,True,True,False,Non-Compete,1.0,"[***], neither Valeant nor its Affiliates shall, directly or indirectly, [***] in the Territory other than the Product; provided that if the Agreement is terminated by Dova pursuant to [***], then any Tail Period shall be immediately terminated if either Valeant or any of its Affiliates, directly or indirectly, [***] in the Territory other than the Product during such Tail Period."
DovaPharmaceuticalsInc_20181108_10-Q_EX-,Anti-Assignment,Anti-Assignment,True,True,False,Anti-Assignment,0.746,"In the event either Party desires to make such an assignment or other transfer of this Agreement or any rights or obligations hereunder, such Party shall deliver a written notice to the other Party requesting the other Party's written consent in accordance with this Section 13.2, and the other Party shall provide such Party written notice of its determination whether to provide such written consent within [***] following its receipt of such written notice from such Party. | Except as provided in this Section 13.2, this Agreement may not be assigned or otherwise transferred, nor may any rights or obligations hereunder be assigned or transferred, by either Party, without the written consent of the other Party (such consent not to be unreasonably withheld); provided that a merger, sale of stock or comparable transaction shall not constitute an assignment. | Except to Affiliates of Valeant, Valeant shall not subcontract the Valeant Activities with any Third Party (including any contract sales force). | Any attempted assignment not in accordance with this Section 13.2 shall be void."
DovaPharmaceuticalsInc_20181108_10-Q_EX-,Change Of Control,Change Of Control,True,True,False,Change Of Control,0.9904,"Notwithstanding the foregoing, (a) either Party may, without the other Party's consent, assign this Agreement and its rights and obligations hereunder in whole or in part to an Affiliate; and (b) Dova may assign this Agreement to a successor in interest in connection with the sale or other transfer of all or substantially all of Dova's assets or rights relating to the Product; provided that such assignee shall remain subject to all of the terms and conditions hereof in all respects and shall assume all obligations of Dova hereunder whether accruing before or after such assignment."
DovaPharmaceuticalsInc_20181108_10-Q_EX-,Termination For Convenience,Termination For Convenience,True,True,False,Termination For Convenience,1.0,Either Party shall have the right to terminate this Agreement before the end of the Term for its convenience upon [***] written notice to the other Party (and any such termination shall become effective at the end of such [***]); [***].
DovaPharmaceuticalsInc_20181108_10-Q_EX-,Ip Ownership Assignment,Ip Ownership Assignment,True,True,False,Ip Ownership Assignment,0.9006,"Valeant agrees to assign, and hereby does assign, to Dova (and shall cause its Affiliates and its and their respective employees and other representatives to assign to Dova) any and all right, title and interest that Valeant (or any such Affiliates, employees or other representatives) may have in or to any Invention. | The ownership, and all goodwill from the use, of any Dova Trademarks and Copyrights shall at all times vest in and inure to the benefit of Dova, and Valeant shall assign, and hereby does assign, any rights it may have in the foregoing to Dova. | As between the Parties, Dova shall own all right, title and interest in and to any Product Materials (and all content contained therein) and any Product Labeling (and all content contained therein), including applicable copyrights and trademarks (other than any name, trademark, trade name or logo of Valeant or its Affiliates that may appear on such Product materials or Product Labeling), and to the extent Valeant (or any of its Affiliates) obtains or otherwise has a claim to any of the foregoing, Valeant hereby assigns (and shall cause any applicable Affiliate to assign) all of its right, title and interest in and to such Product Materials (and content) and Product Labeling (and content) (other than any name, trademark, trade name or logo of Valeant or its Affiliates that may appear on such Product materials or Product Labeling) to Dova and Valeant agrees to (and shall cause its applicable Affiliate to) execute all documents and take all actions as are reasonably requested by Dova to vest title to such Product Materials (and content) and Product Labeling (and content) in Dova (or its designated Affiliate)."
DovaPharmaceuticalsInc_20181108_10-Q_EX-,Covenant Not To Sue,Covenant Not To Sue,True,True,False,Covenant Not To Sue,1.0,"Valeant shall not at any time during the Term knowingly do or allow to be done any act or thing which will in any way impair or diminish the rights of Dova in or to the Dova Trademarks and Copyrights. | During the Term, Valeant will not contest the ownership of the Dova Trademarks and Copyrights, their validity, or the validity of any registration therefor."
SigaTechnologiesInc_20190603_8-K_EX-10.1,Uncapped Liability,Cap On Liability,False,True,False,Uncapped Liability,0.9417,"EXCEPT (I) IN THE EVENT OF THE FRAUD OF A PARTY OR OF A PARTY'S BREACH OF ITS OBLIGATIONS UNDER ARTICLE 7 (INTELLECTUAL PROPERTY) OR ARTICLE 10 (CONFIDENTIALITY), OR (II) TO THE EXTENT ANY SUCH DAMAGES ARE REQUIRED TO BE PAID TO A THIRD PARTY AS PART OF A CLAIM FOR WHICH A PARTY PROVIDES INDEMNIFICATION UNDER THIS ARTICLE 9, NEITHER PARTY NOR ANY OF ITS AFFILIATES OR SUBLICENSEES SHALL BE LIABLE TO THE OTHER IN CONTRACT, TORT, NEGLIGENCE, BREACH OF STATUTORY DUTY OR OTHERWISE FOR ANY INDIRECT, INCIDENTAL, CONSEQUENTIAL, SPECIAL, PUNITIVE, REMOTE, EXEMPLARY OR SPECULATIVE DAMAGES OR OTHER DAMAGES THAT ARE NOT PROBABLE AND REASONABLY FORESEEABLE AND IRRESPECTIVE OF WHETHER THAT PARTY OR ANY REPRESENTATIVE OF THAT PARTY HAS BEEN ADVISED OF, OR OTHERWISE MIGHT HAVE ANTICIPATED THE POSSIBILITY OF, ANY SUCH LOSS OR DAMAGE; PROVIDED, FOR CLARITY, [***]."
SigaTechnologiesInc_20190603_8-K_EX-10.1,Cap On Liability,Uncapped Liability,False,False,False,None,0.9417,"EXCEPT (I) IN THE EVENT OF THE FRAUD OF A PARTY OR OF A PARTY'S BREACH OF ITS OBLIGATIONS UNDER ARTICLE 7 (INTELLECTUAL PROPERTY) OR ARTICLE 10 (CONFIDENTIALITY), OR (II) TO THE EXTENT ANY SUCH DAMAGES ARE REQUIRED TO BE PAID TO A THIRD PARTY AS PART OF A CLAIM FOR WHICH A PARTY PROVIDES INDEMNIFICATION UNDER THIS ARTICLE 9, NEITHER PARTY NOR ANY OF ITS AFFILIATES OR SUBLICENSEES SHALL BE LIABLE TO THE OTHER IN CONTRACT, TORT, NEGLIGENCE, BREACH OF STATUTORY DUTY OR OTHERWISE FOR ANY INDIRECT, INCIDENTAL, CONSEQUENTIAL, SPECIAL, PUNITIVE, REMOTE, EXEMPLARY OR SPECULATIVE DAMAGES OR OTHER DAMAGES THAT ARE NOT PROBABLE AND REASONABLY FORESEEABLE AND IRRESPECTIVE OF WHETHER THAT PARTY OR ANY REPRESENTATIVE OF THAT PARTY HAS BEEN ADVISED OF, OR OTHERWISE MIGHT HAVE ANTICIPATED THE POSSIBILITY OF, ANY SUCH LOSS OR DAMAGE; PROVIDED, FOR CLARITY, [***]."
SigaTechnologiesInc_20190603_8-K_EX-10.1,Non-Compete,Non-Compete,True,False,True,Competitive Restriction Exception,1.0,"During the Term, MMT shall not Commercialize in any manner any Competing Product in the Field in any country in the Territory; provided, however, the Parties hereby acknowledge that the restrictions set forth in this Section 2.3 shall not apply to any Affiliates of MMT (including Pfizer)."
SigaTechnologiesInc_20190603_8-K_EX-10.1,Anti-Assignment,Anti-Assignment,True,True,False,Anti-Assignment,0.8536,"Neither Party may assign or transfer this Agreement or any rights or obligations hereunder without the prior written consent of the other Party, except that a Party may make such an assignment without the other Party's consent to its Affiliates or to a Third Party successor of, or transferee to, assets of such Party to which this Agreement relates, whether in a merger, sale of stock, sale of assets or other transaction. | Except for the subcontractors appointed by MMT as of the Effective Date as listed on Exhibit A attached hereto, MMT may not grant sublicenses of the rights and licenses granted to it in Section 2.1(a) to any Affiliate (including Pfizer or any Affiliate of Pfizer) or Third Party without the prior written approval of SIGA (such approval not to be unreasonably withheld). | Any assignment or attempted assignment by either Party in violation of the terms of this Section 13.5 is null, void and of no legal effect."
SigaTechnologiesInc_20190603_8-K_EX-10.1,Termination For Convenience,Termination For Convenience,True,True,False,Termination For Convenience,1.0,"Notwithstanding any other provision of this Agreement, MMT may at any time terminate this Agreement on country-by-country basis, or in its entirety, upon [***] months' prior written notice to SIGA."
BravatekSolutionsInc_20170418_8-K_EX-10.,Cap On Liability,Cap On Liability,True,True,False,Cap On Liability,1.0,"EXCEPT FOR IN THE EVENT OF WILLFUL MISCONDUCT OR GROSS NEGLIGENCE, THE RESELLER AND ITS AFFILIATES SHALL NOT BE LIABLE TO THE COMPANY, AND SHALL HAVE NO OBLIGATION TO INDEMNIFY OR HOLD HARMLESS THE COMPANY, WITH RESPECT TO OR IN CONNECTION WITH ANY LOSS RESULTING FROM OR CAUSED BY THE COMPANY PRODUCTS."
BravatekSolutionsInc_20170418_8-K_EX-10.,Termination For Convenience,Termination For Convenience,True,True,False,Termination For Convenience,1.0,Either Party may terminate this agreement for non-cause with a sixty (60) written notice.
HealthcareIntegratedTechnologiesInc_2019,Cap On Liability,Cap On Liability,True,True,False,Cap On Liability,0.9335,"TO THE MAXIMUM EXTENT PERMITTED BY APPLICABLE LAW, IN NO EVENT SHALL SUPPLIER BE LIABLE UNDER, OR OTHERWISE IN CONNECTION WITH, THIS AGREEMENT FOR: (A) ANY CONSEQUENTIAL, INDIRECT, SPECIAL, INCIDENTAL, OR PUNITIVE DAMAGES; (B) ANY LOSS OF PROFITS, LOSS OF BUSINESS, LOSS OF REVENUE, OR LOSS OF ANTICIPATED SAVINGS; (C) ANY LOSS OF, OR DAMAGE TO, DATA, REPUTATION, OR GOODWILL; AND/OR (D) THE COST OF PROCURING ANY SUBSTITUTE GOODS OR SERVICES. | ANY SUBSTITUTE GOODS OR SERVICES. THE AGGREGATE LIABILITY OF SUPPLIER UNDER, OR IN CONNECTION WITH, THIS AGREEMENT SHALL BE EQUAL TO THE LESSER OF: (i) ***; AND (ii) ***."
HealthcareIntegratedTechnologiesInc_2019,Anti-Assignment,Anti-Assignment,True,True,False,Anti-Assignment,1.0,Supplier and/or Reseller may assign or novate this Agreement and the rights and obligations under it to any of its affiliates or upon any merger or acquisition or the sale of all or substantially all of its assets relating to the Agreement. | Any purported assignment of rights in violation of this subsection is void.
HealthcareIntegratedTechnologiesInc_2019,Termination For Convenience,Termination For Convenience,True,True,False,Termination For Convenience,1.0,"Following the Initial Term, either Party may terminate this Agreement without cause upon written notice to the other Party of at least 3 months."
EhaveInc_20190515_20-F_EX-4.44_11678816_,Uncapped Liability,Uncapped Liability,True,True,False,Uncapped Liability,0.9141,"Notwithstanding Sections 17(a) and 17(b), neither Party excludes or limits any liability for: (i) personal injury or death to the extent that such injury or death results from the negligence or wilful misconduct of a Party or its employees or subcontractors; (ii) fraud, fraudulent misrepresentation or fraudulent concealment; (iii) the Party's obligations set out in Sections 2(c), 5(b), 5(c), 6(b), 11, 13 or 16; (iv) CHT's payment obligations under Section 7; or (v) willful misconduct or gross negligence. | Further, subject to Section 17(c), neither Party shall not be liable to the other Party for any lost revenue, lost profit or lost savings. | Subject to Section 17(c), in no event shall either Party be liable to the other for any consequential, incidental, exemplary or punitive damages even if advised in advance of the possibility of such damages. | Subject to Section 17(c), in no event shall either Party's liability under this Agreement exceed the aggregate of all amounts paid under this Agreement and amounts that have accrued but not yet been paid in the twelve (12) months preceding the event giving rise to the claim."
EhaveInc_20190515_20-F_EX-4.44_11678816_,Cap On Liability,Cap On Liability,True,True,False,Cap On Liability,0.9631,"Further, subject to Section 17(c), neither Party shall not be liable to the other Party for any lost revenue, lost profit or lost savings. | Subject to Section 17(c), in no event shall either Party be liable to the other for any consequential, incidental, exemplary or punitive damages even if advised in advance of the possibility of such damages. | Subject to Section 17(c), in no event shall either Party's liability under this Agreement exceed the aggregate of all amounts paid under this Agreement and amounts that have accrued but not yet been paid in the twelve (12) months preceding the event giving rise to the claim."
EhaveInc_20190515_20-F_EX-4.44_11678816_,Liquidated Damages,Liquidated Damages,True,False,True,Termination For Convenience,1.0,"In addition, CHT may terminate this Agreement and the rights granted hereunder, in whole or in part, and without prejudice to enforcement of any other legal right or remedy (including any express termination right set forth elsewhere in this Agreement), at any time without cause, by providing at least thirty (30) Business Days prior written notice to Ehave, but subject to payment of a termination fee equal to an amount set out in Schedule 6."
EhaveInc_20190515_20-F_EX-4.44_11678816_,Non-Compete,Non-Compete,True,True,False,Non-Compete,1.0,"For so long as the appointment set out in Section 2(a) is exclusive, CHT shall not enter into an agreement (a ""Competitive Transaction"") with any other Person related to the license, sub-license, sale, resale or provide service, solutions, goods or products, that are substantially similar to or competitive with the Ehave Companion Solution."
EhaveInc_20190515_20-F_EX-4.44_11678816_,Anti-Assignment,Anti-Assignment,True,True,False,Anti-Assignment,0.9549,"CHT may use third parties to perform its foregoing rights, provided that any such third parties are not competitors of Ehave and shall be subject to confidentiality obligations. | Neither this Agreement nor any rights or obligations hereunder shall be assignable by a Party without the prior written consent of the other Party, provided that either Party shall have the right, on notice to but without the other Party's consent, to assign this Agreement and its rights and obligations contained herein, to an affiliate or to a third party who is not a competitor of the other Party in connection with a sale of all or substantially all of the assigning Party's business or assets relating to this Agreement."
EhaveInc_20190515_20-F_EX-4.44_11678816_,Change Of Control,Change Of Control,True,True,False,Change Of Control,0.8288,"Subject to the terms and conditions of this Agreement commencing as of the Effective Date and for the duration of the Term and any Transition-out Period, Ehave hereby grants to CHT a non-transferable (except as permitted under Section 20(f)), right to: (i) sub-license the use of the Ehave Companion Solution within the Field of Use in the Territory to End Users and their respective Authorized Users, including in operation or by interfacing with other software, hardware, systems, networks and services, in accordance with and subject to the provisions of CHT's Subscription Agreement; and (ii) use the Ehave Companion Solution to support its licensed End Users. | The parties acknowledge and agree that a ""Release Condition"" for purposes of the Escrow Agreement shall be deemed to mean any one or more of the following listed events (in addition to any other event specified as a release condition under the Escrow Agreement):<omitted>(vi) Ehave undergoes a change of control or is a party to a merger or amalgamation;"
EhaveInc_20190515_20-F_EX-4.44_11678816_,Termination For Convenience,Liquidated Damages,False,False,False,Liquidated Damages,1.0,"In addition, CHT may terminate this Agreement and the rights granted hereunder, in whole or in part, and without prejudice to enforcement of any other legal right or remedy (including any express termination right set forth elsewhere in this Agreement), at any time without cause, by providing at least thirty (30) Business Days prior written notice to Ehave, but subject to payment of a termination fee equal to an amount set out in Schedule 6."
EhaveInc_20190515_20-F_EX-4.44_11678816_,Irrevocable Or Perpetual License,Irrevocable Or Perpetual License,True,True,False,Irrevocable Or Perpetual License,0.9219,"Pursuant to the Subscription Agreement, CHT shall obtain from each End User the right to and hereby grants, effective upon the execution and delivery of such End User's Subscription Agreement, to Ehave: (i) a royalty-free, non-exclusive, non-transferable, limited right and licence during the term of such Subscription Agreement to use, copy, store and display the End User Data solely for the purpose of enabling Ehave to operate the Ehave Companion Solution for such End User and as may be necessary for the purpose of enabling Ehave to provide support services in accordance with this Agreement; and (ii) a royalty-free, non-exclusive, limited, perpetual right and license to use, copy, store and display End User Data on an aggregated and anonymous basis and so as not to permit the identification of any End User or individual for the sole purpose of improving or developing enhancements to the Ehave Companion Solution , provided that Ehave shall not have any right to use, commercialize or exploit such End User Data in any other manner or for any other purpose."
IpassInc_20181203_8-K_EX-99.1_11445874_E,Uncapped Liability,Uncapped Liability,True,True,False,Uncapped Liability,1.0,"CHANNEL PARTNER'S PAYMENT OBLIGATIONS, LIABILITY FOR EARLY TERMINATION FEES OR CHARGES, BREACHES OF CONFIDENTIALITY BY EITHER PARTY, MISAPPROPRIATION OF INTELLECTUAL PROPERTY RIGHTS OF THE OTHER PARTY, AND THE PARTIES' INDEMNIFICATION OBLIGATIONS UNDER THIS AGREEMENT ARE EXCLUDED FROM THESE LIMITATIONS OF LIABILITY."
IpassInc_20181203_8-K_EX-99.1_11445874_E,Cap On Liability,Cap On Liability,True,True,False,Cap On Liability,0.9216,"TO THE MAXIMUM EXTENT PERMITTED BY APPLICABLE LAW, IN NO EVENT SHALL CHANNEL PARTNER, IPASS OR ITS SUPPLIERS BE LIABLE FOR ANY SPECIAL, INCIDENTAL OR CONSEQUENTIAL DAMAGES, OR FOR INTERRUPTED COMMUNICATIONS, LOST DATA OR LOST PROFITS, ARISING OUT OF OR IN CONNECTION WITH THE SERVICE. | EACH PARTY'S MAXIMUM LIABILITY FOR DAMAGES CAUSED BY ITS FAILURE TO PERFORM ITS OBLIGATIONS UNDER THE AGREEMENT IS LIMITED TO: (A) PROVEN DIRECT DAMAGES FOR CLAIMS ARISING OUT OF PERSONAL INJURY OR DEATH, OR DAMAGE TO TANGIBLE PROPERTY CAUSED BY THE PARTY'S NEGLIGENT OR WILLFUL MISCONDUCT; AND (B) PROVEN DIRECT DAMAGES FOR ANY AND ALL CLAIMS ARISING FROM OR IN CONNECTION WITH OR RELATING TO THIS AGREEMENT OR THE LICENSED SOFTWARE OR SERVICES, NOT TO EXCEED AN AMOUNT EQUAL TO THE AMOUNT OF FEES ACTUALLY PAID BY CHANNEL PARTNER TO IPASS DURING THE SIX (6) MONTHS PRECEDING THE FIRST EVENT GIVING RISE TO SUCH LIABILITY. ALL CLAIMS AGAINST THE PARTIES WILL BE AGGREGATED TO DETERMINE SATISFACTION OF THIS LIMIT, AND MULTIPLE CLAIMS WILL NOT ENLARGE THE LIMIT. | NEITHER PARTY WILL BE LIABLE FOR ANY SPECIAL, INCIDENTAL, INDIRECT, EXEMPLARY, PUNITIVE, OR CONSEQUENTIAL DAMAGES ARISING OUT OF OR IN CONNECTION WITH THIS AGREEMENT OR THE USE OF THE LICENSED SOFTWARE, THE SERVICES OR DOCUMENTATION, WHETHER FROM BREACH OF CONTRACT OR WARRANTY, FROM NEGLIGENCE, STRICT LIABILITY OR OTHER CAUSE OF ACTION, EVEN IF SUCH PARTY HAS BEEN ADVISED OF THE POSSIBILITY OF SUCH DAMAGES."
IpassInc_20181203_8-K_EX-99.1_11445874_E,Anti-Assignment,Anti-Assignment,True,True,False,Anti-Assignment,1.0,"Channel Partner may not assign the Agreement, the use of any Licensed Software or Services or its rights and obligations under the Agreement without the prior written consent of iPass. | Any such assignment is void."
GpaqAcquisitionHoldingsInc_20200123_S-4A,Anti-Assignment,Anti-Assignment,True,True,False,Anti-Assignment,1.0,"Neither this Agreement nor any right or obligation hereunder may be assigned or otherwise transferred by either Party without the prior written consent of the other Party; provided, however, that each HOF Entity may, upon written notice to Constellation but without a requirement to obtain Constellation's consent, transfer, assign, convey, pledge or encumber, in whole or in part, any and all of its rights under this Agreement as security in connection with a loan transaction."
GpaqAcquisitionHoldingsInc_20200123_S-4A,Covenant Not To Sue,Covenant Not To Sue,True,True,False,Covenant Not To Sue,0.8725,"Each licensee Party acknowledges, understands, and agrees that it shall not perform, do, or cause any act to be done, or fail to take any action, during or after the Term, or assist any third party in performing, doing, and/or causing any act to be done, which would in any way or manner be detrimental to, injure or impair, in any way or to any degree: (A) the licensor Party's Marks (or any of them); (B) any applications for registration and/or registrations therefor; (C) the goodwill related to the licensor Party's Marks (or any of them); (D) a licensor Party's federal, state and/or common law and other rights in or to the licensor Party's Marks; (E) a licensor Party's right, title, interest, and ownership in and to the licensor Party's Marks; and/or (F) the validity or enforceability of the any of the foregoing."
IntegrityFunds_20200121_485BPOS_EX-99.E ,Anti-Assignment,Anti-Assignment,True,True,False,Anti-Assignment,1.0,This Agreement will also terminate automatically in the event of its assignment (as defined in the 1940 Act).
ReynoldsConsumerProductsInc_20200121_S-1,Cap On Liability,Cap On Liability,True,True,False,Cap On Liability,0.8687,"IN NO EVENT SHALL A PARTY'S LIABILITY IN RELATION TO SERVICES PROVIDED UNDER THIS AGREEMENT EXCEED THE FEES PAID TO IT UNDER THIS AGREEMENT FOR THE SPECIFIC SERVICE THAT RESULTED IN THE LOSS. | IN NO EVENT SHALL ANY PARTY BE LIABLE TO THE OTHER PARTY FOR ANY INDIRECT, SPECIAL, EXEMPLARY, PUNITIVE OR CONSEQUENTIAL DAMAGES, OR LOST PROFITS OR LOST REVENUES THAT THE OTHER PARTY MAY INCUR BY REASON OF ITS HAVING ENTERED INTO OR RELIED UPON THIS AGREEMENT, OR IN CONNECTION WITH ANY OF THE SERVICES PROVIDED HEREUNDER OR THE FAILURE THEREOF, REGARDLESS OF THE FORM OF ACTION IN WHICH SUCH DAMAGES ARE ASSERTED, WHETHER IN CONTRACT OR TORT (INCLUDING NEGLIGENCE) OR OTHERWISE, EVEN IF ADVISED OF THE POSSIBILITY OF THE SAME OTHER THAN TO THE EXTENT AWARDED IN A THIRD PARTY CLAIM. | EXCEPT WITH RESPECT TO A MATERIAL BREACH CONSTITUTING WILLFUL MISCONDUCT BY A PROVIDER, REPEAT PERFORMANCE OF A SERVICE BY THE PROVIDER OR REFUND OF THE FEES PAID FOR A SERVICE SHALL BE THE SOLE AND EXCLUSIVE REMEDY FOR BREACH OF THE SERVICES STANDARD FOR SUCH SERVICE."
ReynoldsConsumerProductsInc_20200121_S-1,Anti-Assignment,Anti-Assignment,True,True,False,Anti-Assignment,0.8159,"Any attempted assignment of this Agreement, or the rights or obligations herein, not in accordance with the terms of this Section 10.10 shall be void. | No Party may assign this Agreement, or any of its rights or obligations under this Agreement (whether by operation of Law or otherwise), without the prior written consent of the other Party; provided, that notwithstanding the foregoing, any Party may assign any or all of its rights or obligations under this Agreement without the consent of the other Party to: (a) its Affiliates, (b) a purchaser of: (i) one or more of its Affiliates that is a Provider or Recipient under this Agreement; (ii) all or substantially all of the business or assets of one or more of its Affiliates that is a Provider or Recipient under this Agreement; or (iii) all or substantially all of such Party's business or assets, or (c) its financing sources solely for collateral purposes, in each case so long as the assignee agrees to be bound by the terms of this Agreement."
ReynoldsConsumerProductsInc_20200121_S-1,Termination For Convenience,Termination For Convenience,True,True,False,Termination For Convenience,0.9583,"Except as agreed by the Parties in writing or as otherwise stated in the Exhibits, Company may terminate for convenience any Transition Service, and RGHI may terminate for convenience any Reverse Transition Service, upon 30 days' prior written notice of such termination; provided, (a) that, with respect to the Services described in Section G1 of Exhibit A, unless otherwise indicated therein, those Services may not be terminated independently except in accordance with an agreed Migration Plan and, (b) any unamortized costs associated with Provider's purchase of any license or other costs incurred specifically for the purpose of providing the Services hereunder will be passed through to the Terminating Party."
VerizonAbsLlc_20200123_8-K_EX-10.4_11952,Cap On Liability,Cap On Liability,True,True,False,Cap On Liability,1.0,"The sole remedy of the Issuer, the Indenture Trustee, the Owner Trustee, and the Secured Parties for any extension, modification, amendment, cancellation or waiver of a Receivable or any terms thereof under Section 3.2(b) or a breach of the covenants made by the Servicer in Section 3.2(c) or (d) is the Servicer's acquisition of the Receivables, as described under this Section 3.3."
VerizonAbsLlc_20200123_8-K_EX-10.4_11952,Anti-Assignment,Anti-Assignment,True,True,False,Anti-Assignment,1.0,"Except as stated in Sections 5.3, 7.4 and 7.6, this Agreement may not be assigned by the Depositor or the Servicer without the consent of the Owner Trustee, the Indenture Trustee, the Certificateholders and the Noteholders of at least 66-2/3% of the Note Balance of the Controlling Class."
VerizonAbsLlc_20200123_8-K_EX-10.4_11952,Change Of Control,Change Of Control,True,True,False,Change Of Control,0.9017,"Within fifteen (15) Business Days after the merger, consolidation, succession or assignment, such Person will (i) execute an agreement to assume the Depositor's obligations under this Agreement and each Transaction Document to which the Depositor is a party (unless the assumption happens by operation of Law), (ii) deliver to the Issuer, the Owner Trustee and the Indenture Trustee an Officer's Certificate and an Opinion of Counsel each stating that the merger, consolidation, succession or assignment and the assumption agreement comply with this Section 5.3, (iii) deliver to the Issuer, the Owner Trustee and the Indenture Trustee an Opinion of Counsel stating that the security interest in favor of the Issuer in the Depositor Transferred Property and the Indenture Trustee in the Collateral is or will be perfected and (iv) notify the Rating Agencies of the merger, consolidation, succession or assignment. | Within fifteen (15) Business Days after the merger, consolidation, succession or assignment, such Person will (i) execute an agreement to assume the Servicer's obligations under this Agreement and each Transaction Document to which the Servicer is a party (unless the assumption happens by operation of Law), (ii) deliver to the Issuer, the Owner Trustee and the Indenture Trustee an Officer's Certificate and an Opinion of Counsel each stating that the merger, consolidation, succession or assignment and the assumption agreement comply with this Section 7.6 and (iii) notify the Rating Agencies of the merger, consolidation, succession or assignment."
AlliedEsportsEntertainmentInc_20190815_8,Uncapped Liability,Uncapped Liability,True,False,True,Cap On Liability,1.0,"EXCEPTING ONLY CLAIMS MADE PURSUANT TO SECTION 12.1, IN NO EVENT WILL EITHER PARTY BE LIABLE FOR ANY INDIRECT, SPECIAL, INCIDENTAL, EXEMPLARY, PUNITIVE OR CONSEQUENTIAL DAMAGES OF ANY KIND, INCLUDING ANY LOST PROFITS, LOST REVENUES OR LOST SAVINGS, ARISING OUT OF OR IN CONNECTION WITH THIS AGREEMENT AND/OR THE PRODUCTS, WHETHER IN CONTRACT, TORT, STRICT LIABILITY OR OTHERWISE, EVEN IF THE PARTY HAS BEEN ADVISED, KNOWS OR SHOULD KNOW, OR IS OTHERWISE AWARE OF THE POSSIBILITY OF SUCH DAMAGES."
AlliedEsportsEntertainmentInc_20190815_8,Cap On Liability,Uncapped Liability,False,False,False,Uncapped Liability,1.0,"EXCEPTING ONLY CLAIMS MADE PURSUANT TO SECTION 12.1, IN NO EVENT WILL EITHER PARTY BE LIABLE FOR ANY INDIRECT, SPECIAL, INCIDENTAL, EXEMPLARY, PUNITIVE OR CONSEQUENTIAL DAMAGES OF ANY KIND, INCLUDING ANY LOST PROFITS, LOST REVENUES OR LOST SAVINGS, ARISING OUT OF OR IN CONNECTION WITH THIS AGREEMENT AND/OR THE PRODUCTS, WHETHER IN CONTRACT, TORT, STRICT LIABILITY OR OTHERWISE, EVEN IF THE PARTY HAS BEEN ADVISED, KNOWS OR SHOULD KNOW, OR IS OTHERWISE AWARE OF THE POSSIBILITY OF SUCH DAMAGES."
AlliedEsportsEntertainmentInc_20190815_8,Anti-Assignment,Anti-Assignment,True,True,False,Anti-Assignment,1.0,Neither Newegg nor Allied shall have the right or power to assign or transfer any part of its rights or obligations under this Agreement without the prior consent in writing of the other Party
AlliedEsportsEntertainmentInc_20190815_8,Termination For Convenience,Termination For Convenience,True,True,False,Termination For Convenience,1.0,Each Party may also terminate the Agreement for convenience after Contract Year 2<omitted>by providing written notice to the other Party at least sixty (60) calendar days prior to the effective date of such termination
AlliedEsportsEntertainmentInc_20190815_8,Covenant Not To Sue,Covenant Not To Sue,True,True,False,Covenant Not To Sue,1.0,"Allied shall not at any time do, or cause to be done, directly or indirectly any act that may impair or tarnish any part of Newegg's goodwill and reputation in the Newegg Marks and the Newegg Products."
EcoScienceSolutionsInc_20180406_8-K_EX-1,Anti-Assignment,Anti-Assignment,True,True,False,Anti-Assignment,1.0,"This Agreement, or the rights granted under it, may not be assigned transferred or sublicense by either party without the express prior written consent of the other party."
AgapeAtpCorp_20191202_10-KA_EX-10.1_1191,Non-Compete,Non-Compete,True,True,False,Non-Compete,1.0,"The Manufacturer agrees that the Customer has the right under this agreement to consider, source, promote, market and sell other product outside of the products listed in Schedule A of this agreement in line with the following assumptions: That they are non-competing products to the range of products or those products listed in schedule A of this agreement."
AgapeAtpCorp_20191202_10-KA_EX-10.1_1191,Anti-Assignment,Anti-Assignment,True,True,False,Anti-Assignment,1.0,The Manufacturer may not transfer or assign any of its rights or obligations under this agreement without the prior written consent of the Customer. | On either party assigning or attempting to assign this agreement without the prior written consent of the other party. | The Customer may not freely transfer or assign its rights or obligations under this agreement without the prior written consent of the Manufacturer.
AgapeAtpCorp_20191202_10-KA_EX-10.1_1191,Change Of Control,Change Of Control,True,True,False,Change Of Control,1.0,Either parties voting stock is transferred to any third party to such extent as to result in a change in effective control of the company or its ownership or active management is changed in any other manner. | If control of either party shall pass from the present shareholders or owners or controllers to other persons whom the other party shall in their absolute discretion regard as unsuitable.
AgapeAtpCorp_20191202_10-KA_EX-10.1_1191,Ip Ownership Assignment,Ip Ownership Assignment,True,True,False,Ip Ownership Assignment,1.0,"The Manufacturer has appointed the Customer the copyright holder of both the English and the Chinese version of the book How to achieve Super Health beyond 2000 - Advanced Edition, authored by Frank D.P. Ellis and Dr. Michael Tait M.D."
AgapeAtpCorp_20191202_10-KA_EX-10.1_1191,Irrevocable Or Perpetual License,Irrevocable Or Perpetual License,True,False,True,Competitive Restriction Exception,1.0,The Manufacturer grants exclusive rights to the Customer for the term of ten (10) years from the date of the signing of this agreement and for an indefinite period upon the customer fulfilling the minimum annual purchase requirement as listed in Schedule B. of this agreement.
FreezeTagInc_20180411_8-K_EX-10.1_111396,Anti-Assignment,Anti-Assignment,True,True,False,Anti-Assignment,1.0,This Agreement may not be assigned by either Party without the prior written consent of the other Party.
FreezeTagInc_20180411_8-K_EX-10.1_111396,Change Of Control,Termination For Convenience,False,False,False,Termination For Convenience,0.8479,"Before expiration of the Term, either Party may terminate this Agreement upon: (i) any material breach of the Agreement by the other Party, if such breach is not remedied to the reasonable satisfaction of the non-breaching Party within ten (10) business days after written notice; (ii) ten (10) business days written notice to the other Party whenever the notifying Party in its sole discretion determines that the continuation of the Agreement will damage its reputation or good will; or (iii) written notice in the event one Party (a) becomes or is declared insolvent or bankrupt or is subject to the appointment of a trustee or receiver or any equivalent thereof, (b) is the subject of any proceeding related to its liquidation or insolvency (whether voluntary or involuntary) which is not dismissed within ninety (90) days, (c) makes an assignment for the benefit of creditors, or (d) is subject to any sale, lease or other transfer of all or substantially all of its assets to any entity; or (e) is subject to a change of control (whether by merger, stock transfer or otherwise), except in the case of an initial public offering."
FreezeTagInc_20180411_8-K_EX-10.1_111396,Covenant Not To Sue,Covenant Not To Sue,True,True,False,Covenant Not To Sue,1.0,"Company shall not, during the period of this Agreement, or any time thereafter, challenge Association's exclusive ownership or registration of Association's Marks, including any and all moral rights."
ReynoldsConsumerProductsInc_20191115_S-1,Uncapped Liability,Uncapped Liability,True,True,False,Uncapped Liability,0.9825,"Notwithstanding the preceding sentences, this Subsection will not limit the liability of a Party for any amount or type of damages for: (1) the defense and indemnification of an Indemnified Claim on which the Party is the Indemnifying Party; (2) infringement by the Party on the intellectual property of the other Party; (3) the unauthorized disclosure or use by the Party of the Confidential Information of the other Party; (4) payment or reimbursement of any amount expressly required to be paid or reimbursed by the Party under a provision of this Agreement; or (5) the intentional misconduct of the Party in violation of Applicable Laws."
ReynoldsConsumerProductsInc_20191115_S-1,Cap On Liability,Cap On Liability,True,True,False,Cap On Liability,0.8259,"Each Party waives any right to recover consequential, incidental, indirect, exemplary, punitive or any other types of indirect damages from the other Party for a breach of this Agreement. | A Party that breaches this Agreement will only be liable to the other Party for direct damages arising from the breach. | If a Buyer receives a product that fails to conform to these representations and warranties, the sole remedies of Buyer for the breach of warranty will be to: (1) reject and return the non-conforming product to Seller for a refund or credit, or a replacement conforming product, in the manner and time period provided in the SOP; (2) obtain reimbursement from Seller for actual, reasonable, substantiated out-of-pocket expenses incurred by Buyer in the recovery, return or disposal of a non-conforming product that is the subject of a mandatory product recall required under Applicable Laws or a voluntary withdrawal declared by Seller or approved by Seller (such approval not to be unreasonably withheld, conditioned or delayed); and (3) obtain indemnification from Seller for any Indemnified Claim arising from or related to the non-conforming product as provided in Section 7."
ReynoldsConsumerProductsInc_20191115_S-1,Anti-Assignment,Anti-Assignment,True,True,False,Anti-Assignment,0.9957,"A change of control shall be deemed an assignment requiring consent hereunder provided that any transfer or assignment that results in Seller's and Buyer's current common parent, Reynolds Group Holdings Limited, ceasing to control either party shall not require consent of the other party. | This Agreement, its rights and obligations, is not assignable or transferable by either Party, in whole or in part, except with the prior written consent of the other Party, which consent will not be unreasonably withheld, conditioned or delayed."
ReynoldsConsumerProductsInc_20191115_S-1,Change Of Control,Change Of Control,True,True,False,Change Of Control,1.0,"A change of control shall be deemed an assignment requiring consent hereunder provided that any transfer or assignment that results in Seller's and Buyer's current common parent, Reynolds Group Holdings Limited, ceasing to control either party shall not require consent of the other party."
WestPharmaceuticalServicesInc_20200116_8,Cap On Liability,Cap On Liability,True,True,False,Cap On Liability,0.9078,"NOTWITHSTANDING THE ABOVE AND REGARDLESS OF THE CIRCUMSTANCES, SELLER'S TOTAL LIABILITY TO BUYER FOR ANY AND ALL CLAIMS, LOSSES OR DAMAGES ARISING OUT OF ANY CAUSE WHATSOEVER, WHETHER BASED IN CONTRACT, NEGLIGENCE OR OTHER TORT, STRICT LIABILITY, BREACH OF WARRANTY OR OTHERWISE, SHALL IN NO EVENT EXCEED THE PURCHASE PRICE OF PRODUCT IN RESPECT TO WHICH SUCH CAUSE AROSE | In no event shall either party be responsible for any special, punitive, or consequential damages whatsoever. | All claims for any cause whatsoever, whether based in contract, negligence or other tort, strict liability, breach of warranty or otherwise, shall be deemed waived unconditionally and absolutely unless Seller receives written notice of such claim not later than one hundred fifty (150) days after Buyer's receipt of Product as to which such claim is made. | IN NO EVENT SHALL SELLER BE LIABLE FOR SPECIAL, INCIDENTAL, CONSEQUENTIAL OR EXEMPLARY DAMAGES. | Seller's total liability for all claims arising hereunder or connected with the products sold hereunder, whether based in contract, tort or otherwise, shall be no greater than an amount equal to the purchase price of the products to which any such claims relate, or at the Seller's option, and only in the case of claims regarding defective or non-conforming product, to replacement of such products, provided that in all cases Buyer shall be under an obligation to mitigate any loss as far as possible. Seller shall not in any event be liable for any special, incidental, exemplary or consequential damages. | Defective or nonconforming Product shall be replaced by Seller without additional charge, or in lieu thereof, at Seller's option, Seller may refund the purchase price upon return of such Product at Seller's expense and such refund or replacement shall constitute Buyer's sole and exclusive remedy. | Any cause of action that Buyer may have against Seller and which may arise in connection with the transaction(s) specified herein must be commenced within two (2) years after the cause of action has accrued. | Claims by Buyer are waived unless made in writing within 150 days from date of (non-) delivery. | EM's maximum liability for all claims for any reason is the sales price of the product involved and EM shall not be liable for indirect or consequential damage."
WestPharmaceuticalServicesInc_20200116_8,Anti-Assignment,Anti-Assignment,True,True,False,Anti-Assignment,0.9362,"This Agreement shall not be assigned in whole or in part by Buyer or Seller without the written consent of the other party and any attempted assignment without such consent shall be void and of no effect, except that Seller may assign all of its rights and obligations hereunder to any entity of which Exxon Mobil Corporation owns, directly or indirectly, at least fifty percent (50%) of the shares or other indicia of equity having the right to elect such entity's board of directors or other governing body. | Neither party may assign this Agreement without the written consent of the other party save in the case where such assignment is to an EM Affiliate and prior written notice has been given to the Buyer. | This Agreement shall not be assigned, in whole or in part, by either party without the prior consent of the other party, but shall be binding upon and shall inure to the benefit of the legal successors of the respective parties hereto; except that Seller may assign this Agreement, in whole or in part, to any affiliate."
WestPharmaceuticalServicesInc_20200116_8,Change Of Control,Change Of Control,True,True,False,Change Of Control,0.8818,"In connection with any Change in Circumstances (as defined below), and without limiting Seller's other rights under this Agreement or applicable law, Seller shall have the right: (i) to terminate this Agreement and accelerate all amounts due from Buyer hereunder, making them immediately payable; (ii) to modify the payment terms hereunder; and/or (iii) to require Buyer to pay in advance for shipments hereunder. | Together with such notification, the Affected Party will supply the other party with sufficient information to allow that other party to reasonably assess the impact that such Change of Control may have on it and/or its Affiliates, on the Affected Party's creditworthiness, and on the Affected Party's ability to perform its obligations under this Agreement. | Promptly after any public announcement regarding any proposed transaction that would result in a Change in Circumstances, Buyer shall notify Seller, in writing, of the nature of such transaction, the parties thereto and the proposed date of consummation. | If Seller elects to exercise any of its rights under the preceding paragraph, Seller shall so notify Buyer, in writing, within forty-five (45) days after receipt of Buyer's notice. | In the event that the other party concludes in its sole discretion that such Change of Control, if it is implemented: (a) may result in it and/or its Affiliates being subjected to any fact, matter, event, circumstance, condition or change which materially and adversely affects, or could reasonably be expected to materially and adversely affect, individually or in aggregate, the business, operations, assets, liabilities, condition (whether financial, trading or otherwise), prospects or operating results of it and/or its Affiliates; (b) that the Affected Party's creditworthiness may be reduced; and/or (c) that the Affected Party's ability to perform its obligations under the Agreement may be negatively affected;

then the other party may (but is not obliged to) terminate this Agreement forthwith upon notice to the Affected Party. Such termination is without prejudice to the rights and obligations of the parties that have accrued up to and including the date of termination. | To the extent permitted by law, in the event that a party becomes aware that it will or may undergo a Change of Control (""Affected Party"") within the following three (3) Months, the Affected Party will notify the other party without delay after it becomes so aware. | Notwithstanding anything to the contrary in Attachments A, G or H, in connection with any Change in Circumstances (as defined below), and without limiting Seller's/ExxonMobil Selling Affiliate's other rights under this Agreement or applicable law, Seller/ExxonMobil Selling Affiliates shall have the right: (i) only if required to enable Seller/ExxonMobil Selling Affiliate to comply with applicable laws and regulations, to terminate this Agreement and accelerate all amounts due from Buyer hereunder, making them immediately payable (ii) to modify the payment terms hereunder; and/or (iii) to require that Buyer/Buyer Affiliates pay in advance for shipments hereunder. | If Seller/ExxonMobil Selling Affiliates elects to exercise any of its rights under the preceding paragraph, Seller/ExxonMobil Selling Affiliates shall so notify Buyer/Buyer Affiliates, in writing, within forty-five (45) days after receipt of Buyer's/Buyer Affiliates' notice. | As used above, ""Change in Circumstances"" means any of the following: (i) any transaction, or series of transactions, that would result in the transfer of at least twenty-five percent (25%) of the equity interest in Buyer/Buyer Affiliates (or of at least twenty-five percent (25%) of the equity interest in any business entity that owns or controls, directly or indirectly, at least fifty percent (50%) of the equity interest in Buyer/Buyer Affiliates (""Buyer's Parent"")) to a single transferee or multiple transferees under common control; (ii) any transaction that would result in Buyer's /Buyer Affiliates' (or Buyer's Parent's) merging with one or more other entities; or (iii) any transaction not in the ordinary course of Buyer's/Buyer Affiliates (or Buyer's Parent's) business that calls for the sale, purchase or other transfer of one or more significant assets, including (without limitation) manufacturing facilities and ownership interests in other business entities. | Promptly after any public announcement regarding any proposed transaction that would result in a Change in Circumstances, Buyer/Buyer Affiliates shall notify Seller/ExxonMobil Selling Affiliates, in writing, of the nature of such transaction, the parties thereto and the proposed date of consummation | As used above, ""Change of Control"" means any of the following: (i) any transaction, or series of transactions, that would result in the transfer of at least fifty percent (50%) of the equity interest in a party (or of at least fifty percent (50%) of the equity interest in any business entity that owns or controls, directly or indirectly, at least fifty percent (50%) of the equity interest in a party (""Party's Parent"")) to a single transferee or multiple transferees under common control; (ii) any transaction that would result in a Party's (or Party's Parent's) merging with one or more other entities."
HertzGroupRealtyTrustInc_20190920_S-11A_,Cap On Liability,Cap On Liability,True,True,False,Cap On Liability,1.0,"IN NO EVENT SHALL LICENSOR OR ANY OF ITS DIRECTORS, OFFICERS, EMPLOYEES, LICENSORS, SUPPLIERS OR OTHER REPRESENTATIVES BE LIABLE FOR ANY INDIRECT, SPECIAL OR CONSEQUENTIAL DAMAGES, OR DAMAGES FOR LOSS OF PROFITS, BUSINESS INTERRUPTION, LOSS OF GOODWILL, COMPUTER FAILURE OR MALFUNCTION OR OTHERWISE, ARISING FROM OR RELATING TO THIS AGREEMENT OR THE LICENSED MARK, EVEN IF LICENSOR IS EXPRESSLY ADVISED OF THE POSSIBILITY OF SUCH DAMAGES."
HertzGroupRealtyTrustInc_20190920_S-11A_,Anti-Assignment,Anti-Assignment,True,True,False,Anti-Assignment,1.0,Licensed Users may not assign this Agreement and/or any rights and/or obligations hereunder without the prior written consent of Licensor and any such attempted assignment shall be void.
HertzGroupRealtyTrustInc_20190920_S-11A_,Change Of Control,Change Of Control,True,True,False,Change Of Control,1.0,"This Agreement and all rights and licenses granted under this Agreement shall terminate as soon as practicable, but no longer than thirty (30) days, after: 3.2.1 Licensee is acquired by a third party; or 3.2.2 Licensor or any affiliate of Licensor ceases to manage Licensee."
HertzGroupRealtyTrustInc_20190920_S-11A_,Termination For Convenience,Termination For Convenience,True,True,False,Termination For Convenience,1.0,Either Party may terminate this Agreement by giving the other Party thirty (30) days' prior written notice.
HertzGroupRealtyTrustInc_20190920_S-11A_,Covenant Not To Sue,Covenant Not To Sue,True,True,False,Covenant Not To Sue,1.0,"Licensed Users shall not challenge the validity of the Licensed Mark, nor shall Licensed Users challenge Licensor's ownership of the Licensed Mark or the enforceability of Licensor's rights therein."
ArconicRolledProductsCorp_20191217_10-12,Anti-Assignment,Anti-Assignment,True,True,False,Anti-Assignment,1.0,This Agreement may not be assigned by Licensee without the consent of Licensor which consent shall not be unreasonably withheld.
ArconicRolledProductsCorp_20191217_10-12,Change Of Control,Change Of Control,True,True,False,Change Of Control,0.9963,"Notwithstanding the foregoing, no such consent of Licensor is required under this Agreement in the event of a Change of Control of Licensee so long as: (a) the resulting, surviving or transferee Person assumes all the obligations of the Licensee by operation of Law or pursuant to an agreement in form and substance reasonably satisfactory to the Licensor; and (b) the licenses granted herein shall not be transferrable or sublicensable to Affiliates of such Person unless such Affiliates were Affiliates of Licensee prior to such Change of Control."
ArconicRolledProductsCorp_20191217_10-12,Covenant Not To Sue,Covenant Not To Sue,True,True,False,Covenant Not To Sue,1.0,"Licensee agrees and covenants that it shall not challenge, contest, or take any actions inconsistent with Licensor's exclusive rights of ownership of the Licensed Mark."
MorganStanleyDirectLendingFund_20191119_,Uncapped Liability,Uncapped Liability,True,False,True,Cap On Liability,1.0,"EXCEPT WITH RESPECT TO LICENSEE'S INDEMNIFICATION OBLIGATIONS UNDER SECTION 7, NEITHER PARTY WILL BE LIABLE TO THE OTHER PARTY FOR SPECIAL, INDIRECT, CONSEQUENTIAL, EXEMPLARY, PUNITIVE OR INCIDENTAL DAMAGES (INCLUDING LOST PROFITS OR GOODWILL, BUSINESS<omitted>INTERRUPTION AND THE LIKE) RELATING TO THIS AGREEMENT, EVEN IF IT HAS BEEN ADVISED OF THE POSSIBILITY OF SUCH DAMAGES."
MorganStanleyDirectLendingFund_20191119_,Cap On Liability,Uncapped Liability,False,True,False,Cap On Liability,1.0,"EXCEPT WITH RESPECT TO LICENSEE'S INDEMNIFICATION OBLIGATIONS UNDER SECTION 7, NEITHER PARTY WILL BE LIABLE TO THE OTHER PARTY FOR SPECIAL, INDIRECT, CONSEQUENTIAL, EXEMPLARY, PUNITIVE OR INCIDENTAL DAMAGES (INCLUDING LOST PROFITS OR GOODWILL, BUSINESS<omitted>INTERRUPTION AND THE LIKE) RELATING TO THIS AGREEMENT, EVEN IF IT HAS BEEN ADVISED OF THE POSSIBILITY OF SUCH DAMAGES."
MorganStanleyDirectLendingFund_20191119_,Anti-Assignment,Anti-Assignment,True,True,False,Anti-Assignment,1.0,"Licensee may not assign, transfer, pledge, mortgage or otherwise encumber this Agreement or its right to use the Brand (or assume this Agreement in bankruptcy), in whole or in part, without the prior written consent of Licensor in its sole discretion, except for an assignment outside of bankruptcy to a successor organization that is solely the result of a name change by Licensee."
MorganStanleyDirectLendingFund_20191119_,Change Of Control,Anti-Assignment,False,False,False,Anti-Assignment,0.9536,"Licensee may not assign, transfer, pledge, mortgage or otherwise encumber this Agreement or its right to use the Brand (or assume this Agreement in bankruptcy), in whole or in part, without the prior written consent of Licensor in its sole discretion, except for an assignment outside of bankruptcy to a successor organization that is solely the result of a name change by Licensee. | For the avoidance of doubt, a merger, change of control, reorganization or sale of all or substantially all of the stock of Licensee shall be deemed an ""assignment"" requiring the above consent, regardless of whether Licensee is the surviving entity or whether such transaction constitutes an assignment under applicable law. | This Agreement shall terminate automatically without notice and immediately (a) if MS Capital Partners Adviser Inc. or another affiliate of Licensor is no longer acting as the investment adviser (any such entity, the ""Advisor"") to Licensee under the Investment Advisory Agreement, dated as of [·], 201[9] (as the same may<omitted>be amended, modified or otherwise restated, the ""Investment Advisory Agreement""), or a similar agreement, or (b) the Advisor is no longer an affiliate of Licensor."
MorganStanleyDirectLendingFund_20191119_,Termination For Convenience,Termination For Convenience,True,True,False,Termination For Convenience,1.0,"Licensor reserves the right to terminate this Agreement immediately upon written notice for any reason, including if the usage of the Brand is not in compliance with the standards and policies."
MorganStanleyDirectLendingFund_20191119_,Ip Ownership Assignment,Ip Ownership Assignment,True,True,False,Ip Ownership Assignment,1.0,"The parties intend that any and all goodwill in the Brand arising from Licensee's or any applicable sublicensees' Permitted Activity shall inure solely to the benefit of Licensor. | Notwithstanding the foregoing, in the event that Licensee or any sublicensee is deemed to own any rights in the Brand, Licensee hereby irrevocably assigns (or shall cause such sublicensees to assign), without further consideration, such rights to Licensor together with all goodwill associated therewith."
MorganStanleyDirectLendingFund_20191119_,Covenant Not To Sue,Covenant Not To Sue,True,True,False,Covenant Not To Sue,0.9944,"Licensee agrees not to do anything inconsistent with such ownership, including (i) filing to register any trademark or service mark containing the Brand or (ii) directly or indirectly challenging, contesting or otherwise<omitted>disputing the validity, enforceability or Licensor's ownership of the Brand (and the associated goodwill), including without limitation, in any claim, allegation, action, demand, proceeding or suit (""Action"") regarding enforcement of this Agreement or involving any third party."
NmfSlfIInc_20200115_10-12GA_EX-10.5_1194,Anti-Assignment,Anti-Assignment,True,True,False,Anti-Assignment,0.9836,"Any purported transfer or other encumbrance without such consent shall be void ab initio. | This Agreement shall be terminable<omitted>(b) by the Licensee (i) at any time in the event such Licensee assigns or attempts to assign or sublicense this Agreement or any of the Licensee's rights or duties hereunder without the prior written consent of the Licensor | The Licensee shall not sublicense, assign, pledge or grant as security or otherwise encumber or transfer to any third party all or any part of its rights or duties under this Agreement, in whole or in part, without the prior written consent from the Licensor, which consent the Licensor may grant or withhold in its<omitted>sole and absolute discretion."
NmfSlfIInc_20200115_10-12GA_EX-10.5_1194,Termination For Convenience,Termination For Convenience,True,True,False,Termination For Convenience,1.0,This Agreement shall be terminable (a) by the Licensor<omitted>(ii) upon sixty (60) days' written notice by the Licensor to the Licensee or (b) by the Licensee<omitted>(ii) upon sixty (60) days' written notice by the Licensee to the Licensor.
NmfSlfIInc_20200115_10-12GA_EX-10.5_1194,Ip Ownership Assignment,Ip Ownership Assignment,True,True,False,Ip Ownership Assignment,1.0,"The Licensee hereby assigns and agrees to assign any rights it may have as a result of its licensed use, including common law rights, in the Licensed Mark, to Licensor."
NmfSlfIInc_20200115_10-12GA_EX-10.5_1194,Covenant Not To Sue,Covenant Not To Sue,True,True,False,Covenant Not To Sue,1.0,"The Licensee shall not otherwise contest, dispute, or challenge the Licensor's right, title, and interest in and to the Licensed Mark."
PalmerSquareCapitalBdcInc_20200116_10-12,Anti-Assignment,Anti-Assignment,True,True,False,Anti-Assignment,0.9912,"Any purported transfer without such consent shall be void ab initio. | Licensee shall not sublicense, assign, pledge, grant or otherwise encumber or transfer to any third party all or any part of its rights or duties under this Agreement, in whole or in part, without the prior written consent of the Licensor, which consent Licensor may grant or withhold in its sole and absolute discretion | This Agreement shall be terminable by<omitted>Licensee at any time in the event Licensee assigns or attempts to assign or sublicense this Agreement or any of Licensee's rights or duties hereunder without the prior written consent of Licensor."
PalmerSquareCapitalBdcInc_20200116_10-12,Termination For Convenience,Termination For Convenience,True,True,False,Termination For Convenience,1.0,This Agreement shall be terminable<omitted>by Licensor or Licensee upon sixty (60) days' written notice to the other party;
PenntexMidstreamPartnersLp_20150416_S-1A,Uncapped Liability,Uncapped Liability,True,True,False,Uncapped Liability,1.0,"NO PARTY SHALL BE LIABLE FOR CONSEQUENTIAL, INCIDENTAL, PUNITIVE, EXEMPLARY OR INDIRECT DAMAGES, LOST PROFITS OR OTHER BUSINESS INTERRUPTION DAMAGES, BY STATUTE, IN TORT OR CONTRACT, OR OTHERWISE; PROVIDED, HOWEVER, THAT THIS LIMITATION SHALL NOT LIMIT A PARTY'S RIGHT TO RECOVERY HEREUNDER FOR ANY SUCH DAMAGES TO THE EXTENT SUCH PARTY IS REQUIRED TO PAY SUCH DAMAGES TO A THIRD PARTY IN CONNECTION WITH A MATTER FOR WHICH SUCH PARTY IS OTHERWISE ENTITLED TO INDEMNIFICATION HEREUNDER"
PenntexMidstreamPartnersLp_20150416_S-1A,Cap On Liability,Cap On Liability,True,True,False,Cap On Liability,1.0,"NO PARTY SHALL BE LIABLE FOR CONSEQUENTIAL, INCIDENTAL, PUNITIVE, EXEMPLARY OR INDIRECT DAMAGES, LOST PROFITS OR OTHER BUSINESS INTERRUPTION DAMAGES, BY STATUTE, IN TORT OR CONTRACT, OR OTHERWISE; PROVIDED, HOWEVER, THAT THIS LIMITATION SHALL NOT LIMIT A PARTY'S RIGHT TO RECOVERY HEREUNDER FOR ANY SUCH DAMAGES TO THE EXTENT SUCH PARTY IS REQUIRED TO PAY SUCH DAMAGES TO A THIRD PARTY IN CONNECTION WITH A MATTER FOR WHICH SUCH PARTY IS OTHERWISE ENTITLED TO INDEMNIFICATION HEREUNDER."
PenntexMidstreamPartnersLp_20150416_S-1A,Anti-Assignment,Anti-Assignment,True,True,False,Anti-Assignment,1.0,"This Agreement may not be assigned, disposed of, alienated or otherwise transferred by either Party, in whole or in part, without the prior written consent of the other Party, which consent shall not be unreasonably withheld, conditioned or delayed, except as provided below."
PenntexMidstreamPartnersLp_20150416_S-1A,Covenant Not To Sue,Covenant Not To Sue,True,True,False,Covenant Not To Sue,0.9668,"CUSTOMER SHALL RELEASE, DEFEND, INDEMNIFY AND HOLD HARMLESS TRANSPORTER AND TRANSPORTER'S MEMBERS, DIRECTORS, OFFICERS, AGENTS AND EMPLOYEES FROM AND AGAINST ANY AND ALL SUITS, ACTIONS, CAUSES OF ACTION, CLAIMS, DEMANDS, LOSSES, LIABILITIES AND EXPENSES (INCLUDING, WITHOUT LIMITATION, INTEREST, COURT COSTS, REASONABLE ATTORNEYS' FEES AND EXPENSES, AND OTHER COSTS OF DEFENSE) (COLLECTIVELY, ""CLAIMS"") RELATING TO, CAUSED BY OR ARISING OUT OF CUSTOMER'S BREACH OF ANY REPRESENTATION, WARRANTY OR COVENANT MADE BY CUSTOMER HEREUNDER, BUT NOT TO THE PROPORTIONATE EXTENT THAT SUCH CLAIM IS CAUSED BY OR RESULTS FROM OR ARISES OUT OF THE GROSS NEGLIGENCE OR WILLFUL MISCONDUCT OF TRANSPORTER."
RangeResourcesLouisianaInc_20150417_8-K_,Uncapped Liability,Uncapped Liability,True,True,False,Uncapped Liability,0.9479,"NOTWITHSTANDING ANYTHING TO THE CONTRARY IN THIS AGREEMENT, IN NO EVENT SHALL EITHER PARTY BE LIABLE TO THE OTHER PARTY OR ITS AFFILIATES, ANY SUCCESSORS IN INTEREST OR ANY BENEFICIARY OR ASSIGNEE OF THIS AGREEMENT FOR ANY CONSEQUENTIAL, MULTIPLE, INCIDENTAL, INDIRECT, SPECIAL, EXEMPLARY OR PUNITIVE DAMAGES, OR LOSS OF PROFITS OR REVENUES ARISING OUT OF OR RELATING TO THIS AGREEMENT OR ANY BREACH HEREOF; PROVIDED, HOWEVER, THE FOREGOING SHALL NOT BE CONSTRUED AS LIMITING AN OBLIGATION OF A PARTY HEREUNDER TO INDEMNIFY, DEFEND AND HOLD HARMLESS THE OTHER PARTY AGAINST CLAIMS ASSERTED BY UNAFFILIATED THIRD PARTIES, INCLUDING, BUT NOT LIMITED TO, THIRD PARTY CLAIMS FOR SPECIAL, INDIRECT, CONSEQUENTIAL, PUNITIVE OR EXEMPLARY DAMAGES."
RangeResourcesLouisianaInc_20150417_8-K_,Cap On Liability,Uncapped Liability,False,True,False,Cap On Liability,0.9479,"NOTWITHSTANDING ANYTHING TO THE CONTRARY IN THIS AGREEMENT, IN NO EVENT SHALL EITHER PARTY BE LIABLE TO THE OTHER PARTY OR ITS AFFILIATES, ANY SUCCESSORS IN INTEREST OR ANY BENEFICIARY OR ASSIGNEE OF THIS AGREEMENT FOR ANY CONSEQUENTIAL, MULTIPLE, INCIDENTAL, INDIRECT, SPECIAL, EXEMPLARY OR PUNITIVE DAMAGES, OR LOSS OF PROFITS OR REVENUES ARISING OUT OF OR RELATING TO THIS AGREEMENT OR ANY BREACH HEREOF; PROVIDED, HOWEVER, THE FOREGOING SHALL NOT BE CONSTRUED AS LIMITING AN OBLIGATION OF A PARTY HEREUNDER TO INDEMNIFY, DEFEND AND HOLD HARMLESS THE OTHER PARTY AGAINST CLAIMS ASSERTED BY UNAFFILIATED THIRD PARTIES, INCLUDING, BUT NOT LIMITED TO, THIRD PARTY CLAIMS FOR SPECIAL, INDIRECT, CONSEQUENTIAL, PUNITIVE OR EXEMPLARY DAMAGES."
RangeResourcesLouisianaInc_20150417_8-K_,Anti-Assignment,Anti-Assignment,True,True,False,Anti-Assignment,1.0,"This Agreement may not be assigned, disposed of, alienated or otherwise transferred by either Party, in whole or in part, without the prior written consent of the other Party, which consent shall not be unreasonably withheld, conditioned or delayed, except as provided below."
ZtoExpressCaymanInc_20160930_F-1_EX-10.1,Liquidated Damages,Liquidated Damages,True,True,False,Liquidated Damages,0.9918,"Party B shall pay one-month freight as liquidated damages in case of termination of the Agreement without consent. | Unless otherwise approved by Party A, in the event of parcel transfer due to Party B's vehicle delay, Party B shall pay liquidated damages to Party A at the standard rate of RMB500 per trip on the first working day, RMB1,000 per trip on the second working day and RMB2,000 per trip on the third working day (based on the time records on the parcel transfer documents) and such liquidated damages will be deducted from the current month's freight."
AudibleInc_20001113_10-Q_EX-10.32_259958,Uncapped Liability,Uncapped Liability,True,True,False,Uncapped Liability,0.9319,"EXCEPT FOR LIABILITIES UNDER SECTION 7.2  [Indemnity], NEITHER PARTY'S AGGREGATE LIABILITY ARISING OUT OF OR IN CONNECTION WITH THIS AGREEMENT OR THE TRANSACTIONS CONTEMPLATED HEREBY, WHETHER IN CONTRACT, TORT (INCLUDING NEGLIGENCE), WARRANTY OR OTHERWISE, SHALL EXCEED [***]. | EXCEPT TO THE EXTENT AWARDED TO A THIRD PARTY IN A JUDGMENT AGAINST WHICH A PARTY IS ENTITLED TO INDEMNIFICATION PURSUANT TO SECTION 7.2  [Indemnity], OR TO THE EXTENT ARISING OUT OF ANY BREACH OF SECTION 11.4  [Nondisclosure], NEITHER PARTY WILL BE LIABLE (WHETHER IN CONTRACT, WARRANTY, TORT (INCLUDING, BUT NOT LIMITED TO, NEGLIGENCE), PRODUCT LIABILITY OR OTHER THEORY), TO THE OTHER PARTY OR ANY OTHER PERSON OR ENTITY FOR COST OF COVER OR FOR ANY INDIRECT, INCIDENTAL, SPECIAL OR CONSEQUENTIAL DAMAGES (INCLUDING WITHOUT LIMITATION DAMAGES FOR LOSS OF PROFIT, REVENUE, BUSINESS OR DATA) ARISING OUT OF THIS AGREEMENT, EVEN IF SUCH PARTY HAS BEEN ADVISEDOF THE POSSIBILITY OF SUCH COSTS OR DAMAGES."
AudibleInc_20001113_10-Q_EX-10.32_259958,Cap On Liability,Uncapped Liability,False,True,False,Cap On Liability,0.9319,"EXCEPT FOR LIABILITIES UNDER SECTION 7.2  [Indemnity], NEITHER PARTY'S AGGREGATE LIABILITY ARISING OUT OF OR IN CONNECTION WITH THIS AGREEMENT OR THE TRANSACTIONS CONTEMPLATED HEREBY, WHETHER IN CONTRACT, TORT (INCLUDING NEGLIGENCE), WARRANTY OR OTHERWISE, SHALL EXCEED [***]. | EXCEPT TO THE EXTENT AWARDED TO A THIRD PARTY IN A JUDGMENT AGAINST WHICH A PARTY IS ENTITLED TO INDEMNIFICATION PURSUANT TO SECTION 7.2  [Indemnity], OR TO THE EXTENT ARISING OUT OF ANY BREACH OF SECTION 11.4  [Nondisclosure], NEITHER PARTY WILL BE LIABLE (WHETHER IN CONTRACT, WARRANTY, TORT (INCLUDING, BUT NOT LIMITED TO, NEGLIGENCE), PRODUCT LIABILITY OR OTHER THEORY), TO THE OTHER PARTY OR ANY OTHER PERSON OR ENTITY FOR COST OF COVER OR FOR ANY INDIRECT, INCIDENTAL, SPECIAL OR CONSEQUENTIAL DAMAGES (INCLUDING WITHOUT LIMITATION DAMAGES FOR LOSS OF PROFIT, REVENUE, BUSINESS OR DATA) ARISING OUT OF THIS AGREEMENT, EVEN IF SUCH PARTY HAS BEEN ADVISEDOF THE POSSIBILITY OF SUCH COSTS OR DAMAGES."
AudibleInc_20001113_10-Q_EX-10.32_259958,Liquidated Damages,Liquidated Damages,True,True,False,Liquidated Damages,1.0,"FOR THE AVOIDANCE OF DOUBT, THE PARTIES HEREBY ACKNOWLEDGE AND AGREE THAT NOTHING IN THIS SECTION 8.2  [No Consequential Damages] IS INTENDED TO LIMIT ANY RIGHT OF ACSI TO RECEIVE LIQUIDATED DAMAGES AS SET FORTH IN SECTION 10.5.2  [Effect of Termination]."
AudibleInc_20001113_10-Q_EX-10.32_259958,Non-Compete,Non-Compete,True,True,False,Non-Compete,0.9891,"""ACSI Competitor"" means, collectively, such persons and entities as the Parties may agree upon from time to time.  ACSI may update any agreed-upon list of ACSI Competitors no more frequently than once per quarter by written notice, provided that: (a) the number of entities specified on such list shall at no time [***]; (b) any entities added to such list must be [***]; and (c) no addition of any ACSI Competitor to such list shall require Company to breach any contractual or legal obligation to such ACSI Competitor by which Company is bound as of the date of such addition."
AudibleInc_20001113_10-Q_EX-10.32_259958,Anti-Assignment,Anti-Assignment,True,True,False,Anti-Assignment,0.7965,"Company may not assign or delegate this Agreement or any of its rights or obligations hereunder, whether voluntarily, involuntarily, by operation of Law or otherwise, without ACSI's prior written consent, which consent shall not be unreasonably withheld or delayed, except that Company may assign this Agreement to any direct or indirect wholly owned subsidiary in connection with any corporate reorganization undertaken for the purpose of minimizing the tax liability of Company and its Affiliates or other bona fide corporate purpose or in connection with any Change of Control [***] | ACSI may assign this Agreement to (a) any corporation or other entity resulting from any merger, consolidation, or other reorganization involving ACSI, (b) any of its Affiliates, or (c) any person or entity to which it transfers all or<omitted>substantially all of its assets relating to the Spoken-Word Audio Sub-Section; provided that the assignee agrees in writing to be bound by all the terms and conditions of this Agreement."
AudibleInc_20001113_10-Q_EX-10.32_259958,Ip Ownership Assignment,Ip Ownership Assignment,True,True,False,Ip Ownership Assignment,0.8299,"To the maximum extent permitted by applicable Laws, any ACSI Derivative Works or Company Derivative Works, to the extent created by or for the other Party, shall be deemed ""works made for hire"", and all right, title and interest therein shall vest in ACSI (in the case of ACSI Derivative Works) or Company (in the case of Company Derivative Works) immediately upon creation thereof. | To the extent that any such ACSI Derivative Works or Company Derivative Works are not ""works made for hire"", Company hereby assigns and agrees to assign to ACSI (or such of its Affiliates as it may designate) all right, title and interest to all ACSI Derivative Works and all associated Intellectual Property Rights, and ACSI hereby assigns and agrees to assign to Company (or such of its Affiliates as it may designate) all right, title and interest in and to all Company Derivative Works and all associated Intellectual Property Rights. Each Party shall take, at the other Party's expense, any actions (including, without limitation, execution and delivery of affidavits and other documents) reasonably requested by such other Party to effect, perfect or confirm its or its designee's ownership rights as set forth in this Section 6.1.3  [Ownership]."
2ThemartComInc_19990826_10-12G_EX-10.10_,Uncapped Liability,Uncapped Liability,True,False,True,Cap On Liability,1.0,"EXCEPT IN THE EVENT OF A BREACH OF SECTION 11, NEITHER PARTY SHALL BE LIABLE FOR SPECIAL, INCIDENTAL OR CONSEQUENTIAL DAMAGES OR LOST PROFITS (HOWEVER ARISING, INCLUDING NEGLIGENCE) ARISING OUT OF OR IN CONNECTION WITH THIS AGREEMENT, EVEN IF THE PARTIES ARE AWARE OF THE POSSIBILITY OF SUCH DAMAGES."
2ThemartComInc_19990826_10-12G_EX-10.10_,Cap On Liability,Uncapped Liability,False,False,False,Uncapped Liability,1.0,"EXCEPT IN THE EVENT OF A BREACH OF SECTION 11, NEITHER PARTY SHALL BE LIABLE FOR SPECIAL, INCIDENTAL OR CONSEQUENTIAL DAMAGES OR LOST PROFITS (HOWEVER ARISING, INCLUDING NEGLIGENCE) ARISING OUT OF OR IN CONNECTION WITH THIS AGREEMENT, EVEN IF THE PARTIES ARE AWARE OF THE POSSIBILITY OF SUCH DAMAGES."
2ThemartComInc_19990826_10-12G_EX-10.10_,Non-Compete,Non-Compete,True,True,False,Non-Compete,1.0,i-Escrow shall not run banner advertisements on the Co-Branded Site for any of 2TheMart's competitors.
2ThemartComInc_19990826_10-12G_EX-10.10_,Anti-Assignment,Anti-Assignment,True,True,False,Anti-Assignment,1.0,"All rights (under any applicable intellectual property right) granted herein are not sublicenseable,<omitted>transferable or assignable."
2ThemartComInc_19990826_10-12G_EX-10.10_,Change Of Control,Change Of Control,True,True,False,Change Of Control,0.9677,"If a majority of the equity securities of either 2TheMart or i-Escrow, Inc. (except that i-Escrow may sell all or a majority of its equity securities or voting interests to i-Escrow.com, and i-Escrow.com may sell all or a majority of its equity securities or voting interests to i-Escrow's existing shareholders, without triggering the foregoing) are acquired by another company during the term of this Agreement either company may terminate this Agreement, without liability, by giving a thirty (30) days written notice to the other party."
EmbarkComInc_19991008_S-1A_EX-10.10_6487,Cap On Liability,Cap On Liability,True,True,False,Cap On Liability,1.0,"NEITHER PARTY WILL HAVE ANY LIABILITY FOR, AND EACH PARTY HEREBY WAIVES AND DISCLAIMS, ANY AND ALL CLAIMS AND CAUSES OF ACTION AGAINST THE OTHER PARTY, WHETHER IN CONTRACT, TORT (INCLUDING, WITHOUT LIMITATION, NEGLIGENCE AND STRICT LIABILITY), WARRANTY OR OTHERWISE, RELATING TO ANY INDIRECT, CONSEQUENTIAL OR EXEMPLARY DAMAGES, IN EACH CASE, ARISING OUT OF OR IN CONNECTION WITH THIS AGREEMENT (INCLUDING ANY BREACH HEREOF) OR ANY OF THE TRANSACTIONS CONTEMPLATED HEREBY."
EmbarkComInc_19991008_S-1A_EX-10.10_6487,Anti-Assignment,Covenant Not To Sue,False,False,False,None,0.6404,"Neither party may assign this Agreement or any of its rights or delegate any of its duties under this Agreement without the prior written consent of the other party, not to be unreasonably withheld; except that either party may, without the other party's consent, assign this Agreement or any of its rights or delegate any of its duties under this Agreement: (a) to any corporate affiliate of such party; or (b) to any purchaser of all or substantially all of such party's assets or to any successor by way of merger, consolidation or similar transaction."
HealthcentralCom_19991108_S-1A_EX-10.27_,Uncapped Liability,Uncapped Liability,True,False,True,Cap On Liability,0.9329,"EXCEPT WITH RESPECT TO THE INDEMNITY OBLIGATIONS IN SECTION 14, THE CONFIDENTIALITY OBLIGATIONS UNDER SECTION 16, AND THE YEAR 2000 COMPLIANCE OBLIGATIONS UNDER SECTION 20, NOTWITHSTANDING ANYTHING TO THE CONTRARY CONTAINED IN THIS AGREEMENT, UNDER NO CIRCUMSTANCES SHALL EITHER PARTY BE LIABLE TO THE OTHER PARTY WITH RESPECT TO THE SUBJECT MATTER OF THIS AGREEMENT UNDER ANY CONTRACT, NEGLIGENCE,

                                                                              10

STRICT LIABILITY, TORT OR OTHER LEGAL OR EQUITABLE THEORY FOR ANY INDIRECT, INCIDENTAL, CONSEQUENTIAL, SPECIAL OR EXEMPLARY DAMAGES (INCLUDING, WITHOUT LIMITATION, LOSS OF REVENUE OR GOODWILL OR ANTICIPATED PROFITS OR LOST BUSINESS), EVEN IF SUCH PARTY HAS BEEN ADVISED OF THE POSSIBILITY OF SUCH DAMAGES."
HealthcentralCom_19991108_S-1A_EX-10.27_,Cap On Liability,Uncapped Liability,False,True,False,Cap On Liability,0.9329,"EXCEPT WITH RESPECT TO THE INDEMNITY OBLIGATIONS IN SECTION 14, THE CONFIDENTIALITY OBLIGATIONS UNDER SECTION 16, AND THE YEAR 2000 COMPLIANCE OBLIGATIONS UNDER SECTION 20, NOTWITHSTANDING ANYTHING TO THE CONTRARY CONTAINED IN THIS AGREEMENT, UNDER NO CIRCUMSTANCES SHALL EITHER PARTY BE LIABLE TO THE OTHER PARTY WITH RESPECT TO THE SUBJECT MATTER OF THIS AGREEMENT UNDER ANY CONTRACT, NEGLIGENCE,

                                                                              10

STRICT LIABILITY, TORT OR OTHER LEGAL OR EQUITABLE THEORY FOR ANY INDIRECT, INCIDENTAL, CONSEQUENTIAL, SPECIAL OR EXEMPLARY DAMAGES (INCLUDING, WITHOUT LIMITATION, LOSS OF REVENUE OR GOODWILL OR ANTICIPATED PROFITS OR LOST BUSINESS), EVEN IF SUCH PARTY HAS BEEN ADVISED OF THE POSSIBILITY OF SUCH DAMAGES."
HealthcentralCom_19991108_S-1A_EX-10.27_,Non-Compete,Non-Compete,True,True,False,Non-Compete,1.0,"Neither party shall permit advertising on the Co-Branded Site from an entity which is a competitor to the other party. | During the Term of this Agreement and for a period of six (6) months thereafter, MediaLinx shall not use or publicly disclose the data collected from users of the Co-Branded Site if such use is for the purpose of providing health information, advertisements, or products that compete with those that reside on the Co-Branded Site."
HealthcentralCom_19991108_S-1A_EX-10.27_,Anti-Assignment,Anti-Assignment,True,True,False,Anti-Assignment,0.9882,"Notwithstanding the foregoing, either party shall be permitted to assign this Agreement and any of its rights and obligations hereunder to an affiliate or related company or to a purchaser of all or substantially all of its Internet business, without obtaining the prior written consent of the other party. | Except as provided in this Section, neither Party may assign its rights or obligations under this Agreement without the prior written consent of the other Party, which shall not be unreasonably withheld."
HealthcentralCom_19991108_S-1A_EX-10.27_,Change Of Control,Change Of Control,True,True,False,Change Of Control,1.0,Either party may terminate this Agreement upon 30 days written notice if      either Party's corporate structure has undergone a material ownership      change such that its corporate interests are then in conflict with the      corporate interests of the other Party;
HealthcentralCom_19991108_S-1A_EX-10.27_,Covenant Not To Sue,Covenant Not To Sue,True,True,False,Covenant Not To Sue,1.0,"HCI agrees:

     (i)     that MLX is the owner of the MLX Marks and the goodwill and              reputation associated therewith;

     (ii)    not to contest the validity of the MLX Marks or MLX's title              thereto; | Without      limiting the generality of the foregoing, MLX agrees:<omitted>not to contest the validity of the HCI Marks or HCI's title              thereto;"
ImpresseCorp_20000322_S-1A_EX-10.11_5199,Uncapped Liability,Uncapped Liability,True,True,False,Uncapped Liability,0.8121,"Except for claims under Sections 9.4  [INDEMNIFICATION BY IMPRESSE] and 9.5  [INDEMNIFICATION BY VERTICALNET]<omitted>hereof, neither party may bring a claim or action regardless of form, arising out of or related to this Agreement, including any claim of fraud or misrepresentation, more than two years after the cause of action accrues or becomes known, whichever is later. | EXCEPT IN CONNECTION WITH A BREACH BY EITHER PARTY OF ARTICLE 7 OR SECTION 8.1.5  [REPRESENTATIONS AND WARRANTIES] (v) AND THE INDEMNIFICATION OBLIGATIONS OF IMPRESSE UNDER SECTION 9.4(i)(d)  [INDEMNIFICATION BY IMPRESSE] AND THE INDEMNIFICATION OBLIGATIONS OF VERTICALNET UNDER SECTION 9.5(i)(d)  [INDEMNIFICATION BY VERTICALNET], NEITHER PARTY WILL BE LIABLE FOR ANY SPECIAL, INDIRECT, CONSEQUENTIAL, EXEMPLARY OR INCIDENTAL DAMAGES ARISING OUT OF OR RELATED TO THIS AGREEMENT, HOWEVER CAUSED AND UNDER ANY THEORY OF LIABILITY (INCLUDING NEGLIGENCE), EVEN IF SUCH PARTY HAS BEEN ADVISED OF THE POSSIBILITY OF SUCH DAMAGES."
ImpresseCorp_20000322_S-1A_EX-10.11_5199,Cap On Liability,Uncapped Liability,False,False,False,Uncapped Liability,0.8121,"Except for claims under Sections 9.4  [INDEMNIFICATION BY IMPRESSE] and 9.5  [INDEMNIFICATION BY VERTICALNET]<omitted>hereof, neither party may bring a claim or action regardless of form, arising out of or related to this Agreement, including any claim of fraud or misrepresentation, more than two years after the cause of action accrues or becomes known, whichever is later. | EXCEPT IN CONNECTION WITH A BREACH BY EITHER PARTY OF ARTICLE 7 OR SECTION 8.1.5  [REPRESENTATIONS AND WARRANTIES] (v) AND THE INDEMNIFICATION OBLIGATIONS OF IMPRESSE UNDER SECTION 9.4(i)(d)  [INDEMNIFICATION BY IMPRESSE] AND THE INDEMNIFICATION OBLIGATIONS OF VERTICALNET UNDER SECTION 9.5(i)(d)  [INDEMNIFICATION BY VERTICALNET], NEITHER PARTY WILL BE LIABLE FOR ANY SPECIAL, INDIRECT, CONSEQUENTIAL, EXEMPLARY OR INCIDENTAL DAMAGES ARISING OUT OF OR RELATED TO THIS AGREEMENT, HOWEVER CAUSED AND UNDER ANY THEORY OF LIABILITY (INCLUDING NEGLIGENCE), EVEN IF SUCH PARTY HAS BEEN ADVISED OF THE POSSIBILITY OF SUCH DAMAGES."
ImpresseCorp_20000322_S-1A_EX-10.11_5199,Non-Compete,Non-Compete,True,True,False,Non-Compete,1.0,"Beginning on the Launch Date and continuing during the Term, VerticalNet shall not place advertising relating to the commercial printing entities listed on Exhibit ""A,"" or other such entities subsequently identified by Impresse, on the VerticalNet Area of the Co-Branded Site."
ImpresseCorp_20000322_S-1A_EX-10.11_5199,Anti-Assignment,Anti-Assignment,True,True,False,Anti-Assignment,0.9589,"Except as otherwise set forth herein, neither party shall transfer, assign or cede any rights or delegate any obligations hereunder, in whole or in part, whether voluntarily or by operation of law, without the prior written consent of the other party, which consent may be withheld at the other party's reasonable business discretion; provided, however, that either party may transfer this Agreement without prior written consent of the other to an Affiliate of such party, or to the surviving party in a merger or consolidation, or to a purchaser of all or substantially all of its assets."
ImpresseCorp_20000322_S-1A_EX-10.11_5199,Covenant Not To Sue,Covenant Not To Sue,True,True,False,Covenant Not To Sue,0.93,"In addition, VerticalNet shall not now or in the future contest the validity of Impresse's ownership of its Intellectual Property; provided, however, that VerticalNet may contest the validity of Impresse's Intellectual Property in any proceeding brought against VerticalNet alleging infringement or misappropriation of Impresse's Intellectual Property. | Except for claims under Sections 9.4  [INDEMNIFICATION BY IMPRESSE] and 9.5  [INDEMNIFICATION BY VERTICALNET]<omitted>hereof, neither party may bring a claim or action regardless of form, arising out of or related to this Agreement, including any claim of fraud or misrepresentation, more than two years after the cause of action accrues or becomes known, whichever is later. | In addition, Impresse shall not now or in the future contest the validity of VerticalNet's ownership of its Intellectual Property; provided, however, that Impresse may contest the validity of VerticalNet's Intellectual Property in any proceeding brought against Impresse alleging infringement or misappropriation of VerticalNet's Intellectual Property."
EbixInc_20010515_10-Q_EX-10.3_4049767_EX,Cap On Liability,Cap On Liability,True,True,False,Cap On Liability,1.0,"NEITHER PARTY SHALL HAVE ANY LIABILITY FOR ANY INDIRECT, SPECIAL, PUNITIVE OR CONSEQUENTIAL DAMAGES INCLUDING, WITHOUT THE LIMITATION, LOSS OF PROFIT OR BUSINESS OPPORTUNITIES, WHETHER OR NOT THE PARTY WAS ADVISED OF THE POSSIBILTY OF SUCH."
EbixInc_20010515_10-Q_EX-10.3_4049767_EX,Anti-Assignment,Anti-Assignment,True,True,False,Anti-Assignment,1.0,"Neither party may assign the Agreement without the written consent of the other party, which consent shall not be unreasonably withheld or delayed, except that either party may assign the Agreement without obtaining the consent of the other party to an affiliate or successor by way of purchase, merger, consolidation or similar transaction, subject to the requirement that the Agreement shall be binding and enforceable against any successor or assign."
EbixInc_20010515_10-Q_EX-10.3_4049767_EX,Change Of Control,Change Of Control,True,True,False,Change Of Control,0.7828,"Either party may terminate immediately upon written notice if the other       party (i) ceases to function as a going concern or to conduct operations       in the normal course of business; (ii) has a petition filed against it       under any state or federal bankruptcy law which petition has not been       dismissed or set aside within ninety (90) days of its filing, or if (a)       About sells all or substantially all of the assets of such party or any       event or series of event whereby any entity acquires beneficial ownership       of the capital stock of such party representing fifty percent (50%) of the       voting stock of such party provided however, that the acquisition of About       by Primedia shall not be grounds for the termination of this Agreement; or       (b) ebix becomes acquired by, merged into or is under the control of any       of the following parties, About may terminate this Agreement immediately       upon by providing ebix written notice: AOL; Yahoo; Lycos/Terra; NBC; CBS;       Looksmart; InfoSpace; CMGI; AltaVista; Disney; Microsoft; CNET;       Excite@Home; AskJeeves; GOTO; Doubleclick; or Lifeminders."
EbixInc_20010515_10-Q_EX-10.3_4049767_EX,Termination For Convenience,Termination For Convenience,True,True,False,Termination For Convenience,1.0,"eBix may terminate this Agreement, [**] upon [**] to About; provided,       however, that the termination is no earlier than [**] of the Effective       Date of this Agreement."
EbixInc_20010515_10-Q_EX-10.3_4049767_EX,Ip Ownership Assignment,Ip Ownership Assignment,True,True,False,Ip Ownership Assignment,0.9837,"About shall own and retain all right, title and interest in and to any       About User data generated within the About Network (other than the       Insurance Center), and nothing in this Agreement shall confer in eBix any       right, title or interest in or to the About User Data (other than the       Insurance Center and except to the extent that it is duplicative of About       Customer Data). | eBix shall own and retain all right, title and interest in and to any       About Customer data generated on the Insurance Center, and nothing in this       Agreement shall confer in About any right, title or interest in<omitted>the About Customer data (except to the extent that it is duplicative of       About User data and as hereinafter provided)."
EbixInc_20010515_10-Q_EX-10.3_4049767_EX,Covenant Not To Sue,Covenant Not To Sue,True,True,False,Covenant Not To Sue,0.9067,"About represents, warrants and covenants that<omitted>(v) About shall not (a) hold itself out as having any proprietary       rights with respect to the ebix Marks or (b) make any claim to ownership       rights in the ebix Marks or challenge the ebix Marks or the registration       thereof, or (c) attempt to register or cause to be registered the ebix       Marks or create or use or attempt to register or cause to be registered       any marks or trade names that are confusingly similar to the ebix Marks,       or (d) use the ebix Marks hereunder without ebix's approval of such use. | eBix represents, warrants and covenants that<omitted>(v)ebix shall       not (a) hold itself out as having any proprietary rights with respect to       the About Marks or (b) make any claim to ownership rights in the About       Marks or challenge the About Marks or the registration thereof, or (c)       attempt to register or cause to be registered the About Marks or create or       use or attempt to register or cause to be registered any marks or trade       names that are confusingly similar to the About Marks, or (d) use the       About Marks hereunder without About's approval of such use."
InvendaCorp_20000828_S-1A_EX-10.2_258820,Uncapped Liability,Uncapped Liability,True,True,False,Uncapped Liability,0.938,"Except as provided by Sections 19(a)(iii)(2), (a)(iii)(3), (b)(iii)(2) and      (b)(iii)(3):

  a)   Neither party will have liability for any damages other than direct           damages. In no event will either party be liable to the other for any           special, incidental or consequential damages, whether based on breach           of contract, tort (including negligence) or otherwise, whether or not           that party has been advised of the possibility of such damage.

  b)   Either party's liability for damages shall be limited to the amounts           actually paid by the other party."
InvendaCorp_20000828_S-1A_EX-10.2_258820,Cap On Liability,Uncapped Liability,False,False,False,Uncapped Liability,0.938,"Except as provided by Sections 19(a)(iii)(2), (a)(iii)(3), (b)(iii)(2) and      (b)(iii)(3):

  a)   Neither party will have liability for any damages other than direct           damages. In no event will either party be liable to the other for any           special, incidental or consequential damages, whether based on breach           of contract, tort (including negligence) or otherwise, whether or not           that party has been advised of the possibility of such damage.

  b)   Either party's liability for damages shall be limited to the amounts           actually paid by the other party."
InvendaCorp_20000828_S-1A_EX-10.2_258820,Non-Compete,Non-Compete,True,True,False,Non-Compete,0.8989,"Within three      business days of receiving Application Provider's written update,      Excite@Home will remove any advertising from Application Provider's listed      competitors displayed on the Co-Branded Pages. | Excite@Home will not serve advertising on the Co-Branded Application for      any ""Application Provider Named Competitor,"" as specified in EXHIBIT E. | Excite@Home shall not promote competing services in such contact                or otherwise discourage Program Members from continuing to use                the e-centives service as provided directly by e-centives. | Application Provider will not serve advertising on the Co-Branded      Application for any ""Excite@Home Named Competitor,"" as specified in      EXHIBIT E. | Within three business days of      receiving Excite@Home's written update, Application Provider will remove      any advertising from Excite@Home's listed competitors displayed on the      Co-Branded Pages. | Excite@Home shall not offer any Excite-branded or Excite-co-branded         service during the Term of this Agreement that is substantially similar         in functionally to the Co-Branded Application. | Competitors. Not more than once per quarter, Excite@Home may update the      list of Excite@Home Named Competitors, but may not add to the list any      company with which e-centives has a material existing relationship as of      the Effective Date of this Agreement. | Furthermore, Excite@Home may not             sell, disclose, transfer, rent, or license Shopping Category Data or             Superset Data to Data Restricted Named Companies as specified in             EXHIBIT I. | Subject to the terms and conditions of this Agreement,           Application Provider hereby grants to Excite@Home a royalty-free,           non-exclusive, worldwide license to use, reproduce, distribute,           transmit and publicly display the e-centives Content in accordance           with this Agreement and to sub-license the Application Content to           Excite@Home's wholly-owned subsidiaries or to joint ventures in which           Excite@Home participates for the sole purpose of using, reproducing,           distributing, transmitting and publicly displaying the e-centives           Content in accordance with this Agreement, provided that no such           sublicensing shall be to Application Provider Named Competitors. | Not more than once per quarter, Application Provider may             update the list of Application Provider Data Restricted Named             Companies shown in EXHIBIT I, so long as such list shall not exceed             twenty-five (25) companies. | In no event may either party sell, disclose, transfer, rent, or             license Payment-Eligible User Data to the other party's Named             Competitors as listed in EXHIBIT E. | Excite@Home may designate no more than 10 companies as Named      Competitors."
InvendaCorp_20000828_S-1A_EX-10.2_258820,Anti-Assignment,Anti-Assignment,True,True,False,Anti-Assignment,1.0,"Any attempt         to assign this Agreement other than as permitted above will be null and         void. | Neither party may assign this Agreement, in whole or in         part, without the other party's written consent (which will not be         unreasonably withheld), except that no such consent will be required in         connection with a merger, reorganization or sale of all, or         substantially all, of such party's assets or capital stock."
InvendaCorp_20000828_S-1A_EX-10.2_258820,Change Of Control,Ip Ownership Assignment,False,False,False,No-Solicit Of Customers,0.8777,"In the event that the Agreement is terminated pursuant to Section           16.a.v. due to e-centives' acquisition by an Excite@Home Named           Competitor, or by an entity controlling or controlled by an           Excite@Home Named Competitor, e-centives or its assigns or designates           may not contact any Users for whom User Data has been provided           pursuant to this Agreement, excluding those that have opted out in           accordance with Section 5(a) of Exhibit D. | In the event that a majority of Application Provider's assets are merged,      acquired or sold to an Excite@Home Named Competitor, or to an entity      controlling or controlled by an Excite@Home Named Competitor, then      Excite@Home may terminate this Agreement by providing thirty (30) days      written notice. | In the event that the Agreement is terminated pursuant to Section             16.a.v due to e-centives' acquisition by an Excite@Home Named             Competitor, or by an entity controlling or controlled by an             Excite@Home Named Competitor, e-centives shall transfer all of its             right, title and interest in and to the Payment-Eligible User Data             to Excite."
InvendaCorp_20000828_S-1A_EX-10.2_258820,Ip Ownership Assignment,Ip Ownership Assignment,True,True,False,Ip Ownership Assignment,1.0,"In the event that the Agreement is terminated pursuant to Section             16.a.v due to e-centives' acquisition by an Excite@Home Named             Competitor, or by an entity controlling or controlled by an             Excite@Home Named Competitor, e-centives shall transfer all of its             right, title and interest in and to the Payment-Eligible User Data             to Excite."
MphaseTechnologiesInc_20030911_10-K_EX-1,Cap On Liability,Cap On Liability,True,True,False,Cap On Liability,1.0,"Neither Party shall be liable to the other for special, incidental, or          consequential damages, even if such Party has been advised of the          possibility of such damages."
MphaseTechnologiesInc_20030911_10-K_EX-1,Anti-Assignment,Anti-Assignment,True,True,False,Anti-Assignment,1.0,This Agreement shall not be assigned by mPhase without the prior          written consent of Lucent.
MphaseTechnologiesInc_20030911_10-K_EX-1,Change Of Control,Change Of Control,True,True,False,Change Of Control,1.0,This Agreement shall terminate in the event of a significant change in          the management or ownership of mPhase or in the event mPhase is the          subject of any bankruptcy proceedings.
MphaseTechnologiesInc_20030911_10-K_EX-1,Termination For Convenience,Termination For Convenience,True,True,False,Termination For Convenience,1.0,Either party wishing to terminate          the Agreement must give written notice to the other party at least          thirty (30) days prior to the desired date of termination.
LeadersonlineInc_20000427_S-1A_EX-10.8_4,Uncapped Liability,Uncapped Liability,True,True,False,Uncapped Liability,0.884,"EXCEPT IN CONNECTION WITH A BREACH BY EITHER PARTY OF ARTICLE 9 OR SECTION 10.1.4  [Representations and Warranties] (v) AND THE INDEMNIFICATION OBLIGATIONS OF LEADERSONLINE UNDER SECTION 11.4(i)(c)  [Indemnification by LeadersOnline] AND THE INDEMNIFICATION OBLIGATIONS OF VERTICALNET UNDER SECTION 11.5(i)(c)  [Indemnification by VerticalNet], NEITHER PARTY WILL BE LIABLE FOR ANY SPECIAL, INDIRECT, CONSEQUENTIAL, EXEMPLARY OR INCIDENTAL DAMAGES ARISING OUT OF OR RELATED TO THIS AGREEMENT, HOWEVER CAUSED AND UNDER ANY THEORY<omitted>OF LIABILITY (INCLUDING NEGLIGENCE), EVEN IF SUCH PARTY HAS BEEN ADVISED OF THE POSSIBILITY OF SUCH DAMAGES. | Except for claims under Sections 11.4  [Indemnification by LeadersOnline] and 11.5  [Indemnification by VerticalNet] hereof, neither Party may bring a claim or action regardless of form, arising out of or related to<omitted>this Agreement, including any claim of fraud or misrepresentation, more than two years after the cause of action accrues or becomes known, whichever is later."
LeadersonlineInc_20000427_S-1A_EX-10.8_4,Cap On Liability,Uncapped Liability,False,True,False,Cap On Liability,0.884,"EXCEPT IN CONNECTION WITH A BREACH BY EITHER PARTY OF ARTICLE 9 OR SECTION 10.1.4  [Representations and Warranties] (v) AND THE INDEMNIFICATION OBLIGATIONS OF LEADERSONLINE UNDER SECTION 11.4(i)(c)  [Indemnification by LeadersOnline] AND THE INDEMNIFICATION OBLIGATIONS OF VERTICALNET UNDER SECTION 11.5(i)(c)  [Indemnification by VerticalNet], NEITHER PARTY WILL BE LIABLE FOR ANY SPECIAL, INDIRECT, CONSEQUENTIAL, EXEMPLARY OR INCIDENTAL DAMAGES ARISING OUT OF OR RELATED TO THIS AGREEMENT, HOWEVER CAUSED AND UNDER ANY THEORY<omitted>OF LIABILITY (INCLUDING NEGLIGENCE), EVEN IF SUCH PARTY HAS BEEN ADVISED OF THE POSSIBILITY OF SUCH DAMAGES. | Except for claims under Sections 11.4  [Indemnification by LeadersOnline] and 11.5  [Indemnification by VerticalNet] hereof, neither Party may bring a claim or action regardless of form, arising out of or related to<omitted>this Agreement, including any claim of fraud or misrepresentation, more than two years after the cause of action accrues or becomes known, whichever is later."
LeadersonlineInc_20000427_S-1A_EX-10.8_4,Non-Compete,Non-Compete,True,True,False,Non-Compete,1.0,"VerticalNet agrees that during the term of this Agreement, it shall not enter into an agreement with Futurestep, Inc. to provide promotional opportunities to Futurestep throughout all of the VerticalNet Online Communities, nor enter into any agreement with Futurestep, Inc. for the joint marketing of each other's Sites or services."
LeadersonlineInc_20000427_S-1A_EX-10.8_4,Anti-Assignment,Anti-Assignment,True,True,False,Anti-Assignment,0.9802,"Except as otherwise set forth herein, neither Party shall transfer, assign or cede any rights or delegate any obligations hereunder, in whole or in part, whether voluntarily or by operation of law, without the prior written consent of the other Party,<omitted>which consent may be withheld at the other Party's reasonable business discretion; provided, however, that VerticalNet may transfer this Agreement without the prior written consent of LeadersOnline to an Affiliate of VerticalNet, or to the surviving Party in a merger or consolidation, or to a purchaser of all or substantially all of its assets."
LeadersonlineInc_20000427_S-1A_EX-10.8_4,Covenant Not To Sue,Covenant Not To Sue,True,True,False,Covenant Not To Sue,0.988,"In addition, LeadersOnline shall not now or in the future contest the validity of VerticalNet's ownership of its Intellectual Property; provided, however, that LeadersOnline may contest the validity of VerticalNet's Intellectual Property in any proceeding brought against LeadersOnline alleging infringement or misappropriation of VerticalNet's Intellectual Property. | In addition, VerticalNet shall not now or in the future contest the validity of LeadersOnline's ownership of its Intellectual Property; provided, however, that VerticalNet may contest the validity of LeadersOnline's Intellectual Property in any proceeding brought against VerticalNet alleging infringement or misappropriation of LeadersOnline's Intellectual Property."
NeoformaInc_19991202_S-1A_EX-10.26_52245,Uncapped Liability,Uncapped Liability,True,True,False,Uncapped Liability,0.8112,"Except for claims under Sections 15.4  [INDEMNIFICATION BY NEOFORMA] and 15.5  [INDEMNIFICATION BY VERTICALNET] hereof, neither Party may bring a claim or action regardless of form, arising out of or related to this Agreement, including any claim of fraud or misrepresentation, more than two years after the cause of action accrues or<omitted>becomes known, whichever is later. | EXCEPT IN CONNECTION WITH A BREACH BY EITHER PARTY OF ARTICLE 13, THE INDEMNIFICATION OBLIGATIONS OF NEOFORMA UNDER SECTION 15.4(c)  [INDEMNIFICATION BY NEOFORMA] AND (d) AND THE INDEMNIFICATION OBLIGATIONS OF VERTICALNET UNDER SECTION 15.5(c)  [INDEMNIFICATION BY VERTICALNET] AND (d), EACH PARTY'S LIABILITY FOR DAMAGES HEREUNDER SHALL NOT EXCEED $1,000,000."
NeoformaInc_19991202_S-1A_EX-10.26_52245,Cap On Liability,Uncapped Liability,False,True,False,Cap On Liability,0.8112,"Except for claims under Sections 15.4  [INDEMNIFICATION BY NEOFORMA] and 15.5  [INDEMNIFICATION BY VERTICALNET] hereof, neither Party may bring a claim or action regardless of form, arising out of or related to this Agreement, including any claim of fraud or misrepresentation, more than two years after the cause of action accrues or<omitted>becomes known, whichever is later. | EXCEPT IN CONNECTION WITH A BREACH BY EITHER PARTY OF ARTICLE 13, THE INDEMNIFICATION OBLIGATIONS OF NEOFORMA UNDER SECTION 15.4(c)  [INDEMNIFICATION BY NEOFORMA] AND (d) AND THE INDEMNIFICATION OBLIGATIONS OF VERTICALNET UNDER SECTION 15.5(c)  [INDEMNIFICATION BY VERTICALNET] AND (d), EACH PARTY'S LIABILITY FOR DAMAGES HEREUNDER SHALL NOT EXCEED $1,000,000."
NeoformaInc_19991202_S-1A_EX-10.26_52245,Non-Compete,Non-Compete,True,True,False,Non-Compete,0.9938,"During the Term, Neoforma shall not place any advertisements on a Neoforma Site for any VerticalNet Competitor. | Neoforma shall not enter into, and shall cause its Affiliates to not enter into, any agreement with a third party for the on-line listing of Laboratory Products on a VerticalNet Competitor or place any Link to a VerticalNet Competitor on the Neoforma Sites. | VerticalNet shall not enter into any agreement with a Neoforma Competitor for the on-line listing of Medical Products or place any Link to the Site of a Neoforma Competitor on the VerticalNet Medical Online Communities."
NeoformaInc_19991202_S-1A_EX-10.26_52245,Anti-Assignment,Anti-Assignment,True,True,False,Anti-Assignment,0.9769,"Except as otherwise set forth herein, neither Party shall transfer, assign or cede any rights or delegate any obligations hereunder, in whole or in part, whether voluntarily or by operation of law, without the prior written consent of the other Party, which consent may be withheld at the other Party's reasonable business discretion; provided, however, that either Party may transfer this Agreement without prior written consent of the other Party to an Affiliate or in connection with a merger or sale of all or substantially all of the stock or assets of such Party."
NeoformaInc_19991202_S-1A_EX-10.26_52245,Ip Ownership Assignment,Ip Ownership Assignment,True,True,False,Ip Ownership Assignment,0.9957,"VerticalNet shall register and own the domain name and the URL used in connection with the Co-Branded Training and Education Center, subject, however, to Neoforma's agreement on the name to be used for the URL, which domain name and URL shall be mutually agreed upon by the Parties. | VerticalNet shall register and own the domain name and the URL used in connection with the Co-Branded Career Center, subject, however, to Neoforma's agreement on the name to be used for the URL, which domain name and URL shall be mutually agreed upon by the Parties."
NeoformaInc_19991202_S-1A_EX-10.26_52245,Covenant Not To Sue,Covenant Not To Sue,True,True,False,Covenant Not To Sue,1.0,"In addition, VerticalNet shall not now or in the future contest the validity of Neoforma's Intellectual Property | In addition, Neoforma shall not now or in the future contest the validity of VerticalNet's Intellectual Property."
PaperexchangeComInc_20000322_S-1A_EX-10.,Uncapped Liability,Uncapped Liability,True,True,False,Uncapped Liability,0.9549,"EXCEPT IN CONNECTION WITH A BREACH BY EITHER PARTY OF ARTICLE 10, THE INDEMNIFICATION OBLIGATIONS OF PAPEREXCHANGE UNDER SECTIONS 12.4(c)  [Indemnification by PaperExchange] AND THE INDEMNIFICATION OBLIGATIONS OF VERTICALNET UNDER SECTION 12.5(c)  [Indemnification by VerticalNet], NEITHER PARTY WILL BE LIABLE FOR ANY SPECIAL, INDIRECT, CONSEQUENTIAL, EXEMPLARY OR INCIDENTAL DAMAGES ARISING OUT OF OR RELATED TO THIS AGREEMENT, HOWEVER CAUSED AND UNDER ANY THEORY OF LIABILITY (INCLUDING NEGLIGENCE), EVEN IF SUCH PARTY HAS BEEN ADVISED OF THE POSSIBILITY OF SUCH DAMAGES. | EXCEPT IN CONNECTION WITH A BREACH BY EITHER PARTY OF ARTICLE 10, THE INDEMNIFICATION OBLIGATIONS OF PAPEREXCHANGE UNDER SECTION 12.4(c)  [Indemnification by PaperExchange] AND THE INDEMNIFICATION OBLIGATIONS OF VERTICALNET UNDER SECTION 12.5(c)  [Indemnification by VerticalNet], EACH PARTY'S LIABILITY FOR DAMAGES HEREUNDER SHALL NOT EXCEED $1,000,000."
PaperexchangeComInc_20000322_S-1A_EX-10.,Cap On Liability,Uncapped Liability,False,False,False,Uncapped Liability,0.9549,"EXCEPT IN CONNECTION WITH A BREACH BY EITHER PARTY OF ARTICLE 10, THE INDEMNIFICATION OBLIGATIONS OF PAPEREXCHANGE UNDER SECTIONS 12.4(c)  [Indemnification by PaperExchange] AND THE INDEMNIFICATION OBLIGATIONS OF VERTICALNET UNDER SECTION 12.5(c)  [Indemnification by VerticalNet], NEITHER PARTY WILL BE LIABLE FOR ANY SPECIAL, INDIRECT, CONSEQUENTIAL, EXEMPLARY OR INCIDENTAL DAMAGES ARISING OUT OF OR RELATED TO THIS AGREEMENT, HOWEVER CAUSED AND UNDER ANY THEORY OF LIABILITY (INCLUDING NEGLIGENCE), EVEN IF SUCH PARTY HAS BEEN ADVISED OF THE POSSIBILITY OF SUCH DAMAGES. | Except for claims under Sections 12.4  [Indemnification by PaperExchange] and 12.5  [Indemnification by VerticalNet] hereof, neither party may bring a claim or action regardless of form, arising out of or related to this Agreement, including any claim of fraud or misrepresentation, more than two years after the cause of action accrues or becomes known, whichever is later. | EXCEPT IN CONNECTION WITH A BREACH BY EITHER PARTY OF ARTICLE 10, THE INDEMNIFICATION OBLIGATIONS OF PAPEREXCHANGE UNDER SECTION 12.4(c)  [Indemnification by PaperExchange] AND THE INDEMNIFICATION OBLIGATIONS OF VERTICALNET UNDER SECTION 12.5(c)  [Indemnification by VerticalNet], EACH PARTY'S LIABILITY FOR DAMAGES HEREUNDER SHALL NOT EXCEED $1,000,000."
PaperexchangeComInc_20000322_S-1A_EX-10.,Liquidated Damages,Liquidated Damages,True,True,False,Liquidated Damages,0.9967,"if the agreement is terminated during the Initial Term by PaperExchange pursuant to Section 8.2  [Termination for Cause], VerticalNet shall pay to PaperExchange, as liquidated damages, an amount equal to the product determined by multiplying (1) a fraction, the numerator of which shall be the number of days between the effective date of termination and the scheduled expiration date of the Initial Term, and the denominator of which shall be the number of days<omitted>between the Effective Date and the scheduled expiration date of the Initial Term, by (2) *****"
PaperexchangeComInc_20000322_S-1A_EX-10.,Non-Compete,Non-Compete,True,True,False,Non-Compete,0.8527,"During the Term, PaperExchange will not, directly or indirectly, design, host, operate, maintain or otherwise participate in a co-branded career center or a co-branded equipment listing Site with a Pulp and Paper Online Competitor or license a PaperExchange Link for use or display on any Pulp and Paper Online Competitor's Site. | During the Term, VerticalNet will not, directly or indirectly, design, host, operate, maintain or otherwise participate in a co-branded career center or a co-branded equipment listing Site with a PaperExchange Competitor or license a VerticalNet Link for use or display on any PaperExchange Competitor's Site. | During the Term, VerticalNet will not disclose, transfer or otherwise provide the VerticalNet Content and/or the VerticalNet Archived Content to any PaperExchange Competitor. | VerticalNet and PaperExchange shall be responsible for the sale of all advertising on the Co-Branded Sites; provided, however, that neither party shall sell advertising on the Co-Branded Sites to a competitor (as defined in 1.16 and 1.25) and provided that each party shall submit any proposed advertising for the Co-Branded Sites to the other party for its prior written approval, such approval not to be unreasonably withheld, delayed or conditioned. | During the Term, PaperExchange shall not place any advertisements on the PaperExchange Site from any Pulp and Paper Online Competitor. | During the Term, VerticalNet shall not (a) act as an advertising agent or representative for any PaperExchange Competitor and (b) place any advertisements on Pulp and Paper Online from any PaperExchange Competitor. | From time to time, PaperExchange shall provide to VerticalNet, at PaperExchange's sole cost and expense, relevant content provided to it by third parties consisting of (a) job listings for inclusion, at VerticalNet's reasonable business discretion and at VerticalNet's then current listing rate, in the Co-Branded Career Center or on any other VerticalNet Site except a Site co-branded with a PaperExchange Competitor (the ""PaperExchange Career Content"") and (b) equipment listings for inclusion, at VerticalNet's reasonable business discretion and at VerticalNet's then current listing rate, in the Co-Branded Equipment Listings or on any other VerticalNet Site except a Site co-branded with a PaperExchange Competitor (the ""PaperExchange Equipment Content"", and together with the PaperExchange Career Content, the ""PaperExchange Content""). | During the Term and for a period of four years after the termination of this Agreement, VerticalNet shall not, directly or indirectly, by itself, through its Affiliates or through any type of joint venture or similar affiliation with a third party, without prior written approval from PaperExchange, buy, sell or trade (a) paper pulp products through exchanges, auctions, or reverse auctions or any other e-commerce medium, (b) paper (other than finished paper-based products, including, but not limited to, books, stamps and labels) and copy paper (i) through exchanges, auctions or reverse auctions or (ii) in quantities greater than one ton through any e-commerce medium, (c) raw materials used to make paper packaging, including, but not limited to, linerboard, medium, other containerboard grades and corrugated sheet through exchanges, auctions, reverse auctions or any other e-commerce medium, or (d) paper rolls and reels weighing more than 50 pounds used by printers through exchanges, auctions, reverse auctions or any other e-commerce medium; provided, however, that this Section 5.8.1  [Non-Competition] shall not apply to advertisements, Storefronts or similar features on VerticalNet's Sites."
PaperexchangeComInc_20000322_S-1A_EX-10.,Anti-Assignment,Anti-Assignment,True,True,False,Anti-Assignment,0.9769,"Except as otherwise set forth herein, neither party shall transfer, assign or cede any rights or delegate any obligations hereunder, in whole or in part, whether voluntarily or by operation of law, without the prior written consent of the other party, which consent may be withheld at the other party's reasonable business discretion; provided, however, that either party may transfer this Agreement without prior written consent of the other party to an Affiliate or in connection with a merger or sale of all or substantially all of the stock or assets of such party."
PaperexchangeComInc_20000322_S-1A_EX-10.,Ip Ownership Assignment,Ip Ownership Assignment,True,True,False,Ip Ownership Assignment,1.0,the Co-Branded URLs shall be owned by the party that offers to pay the highest amount to the other for the ownership of such URLs upon payment of such amount to the other party
PaperexchangeComInc_20000322_S-1A_EX-10.,Covenant Not To Sue,Covenant Not To Sue,True,True,False,Covenant Not To Sue,0.9755,"In addition, PaperExchange shall not now or in the future contest the validity of VerticalNet's Intellectual Property. | Except for claims under Sections 12.4  [Indemnification by PaperExchange] and 12.5  [Indemnification by VerticalNet] hereof, neither party may bring a claim or action regardless of form, arising out of or related to this Agreement, including any claim of fraud or misrepresentation, more than two years after the cause of action accrues or becomes known, whichever is later. | In addition, VerticalNet shall not now or in the future contest the validity of PaperExchange's Intellectual Property."
RaeSystemsInc_20001114_10-Q_EX-10.57_263,Uncapped Liability,Uncapped Liability,True,True,False,Uncapped Liability,1.0,"EXCEPT AS SET FORTH IN SECTION 6 AND 7.1,              ------------------------ UNDER  NO  CIRCUMSTANCES  WILL  EITHER  PARTY  BE  LIABLE TO THE OTHER UNDER ANY CONTRACT,  STRICT  LIABILITY, NEGLIGENCE OR OTHER LEGAL OR EQUITABLE THEORY, FOR ANY  INCIDENTAL  OR CONSEQUENTIAL DAMAGES OR LOST PROFITS IN CONNECTION WITH THE SUBJECT  MATTER  OF  THIS  AGREEMENT."
RaeSystemsInc_20001114_10-Q_EX-10.57_263,Cap On Liability,Uncapped Liability,False,False,False,Uncapped Liability,1.0,"EXCEPT AS SET FORTH IN SECTION 6 AND 7.1,              ------------------------ UNDER  NO  CIRCUMSTANCES  WILL  EITHER  PARTY  BE  LIABLE TO THE OTHER UNDER ANY CONTRACT,  STRICT  LIABILITY, NEGLIGENCE OR OTHER LEGAL OR EQUITABLE THEORY, FOR ANY  INCIDENTAL  OR CONSEQUENTIAL DAMAGES OR LOST PROFITS IN CONNECTION WITH THE SUBJECT  MATTER  OF  THIS  AGREEMENT."
RaeSystemsInc_20001114_10-Q_EX-10.57_263,Non-Compete,Non-Compete,True,True,False,Non-Compete,1.0,The      spinwares  and  spinstore  will be  modified  to include  licensed  content      purchased directly from Spinrecords.com and to eliminate products that will      compete with the Nettaxi store.
RaeSystemsInc_20001114_10-Q_EX-10.57_263,Anti-Assignment,Anti-Assignment,True,True,False,Anti-Assignment,1.0,"Neither  NETTAXI  or  SpinRecords.com shall assign its              ---------- respective  rights  or delegate its obligations hereunder, either in whole or in part,  whether  by  operation  of  law  or  otherwise, without the prior written consent  of  the other party. Any attempted assignment or delegation without the other  party's  written  consent  will  be  void."
RaeSystemsInc_20001114_10-Q_EX-10.57_263,Change Of Control,Change Of Control,True,True,False,Change Of Control,1.0,"In the event more that there is a change in ownership  representing  fifty  percent (50%) or more of the equity ownership of either  party, the other party may, at its option, terminate this Agreement upon written  notice."
RaeSystemsInc_20001114_10-Q_EX-10.57_263,Termination For Convenience,Termination For Convenience,True,True,False,Termination For Convenience,1.0,"SpinRecords.com may terminate  this  Agreement  for no reason or for any reason upon sixty (60) days prior  written  notice  to  NETTAXI. | NETTAXI  may terminate this Agreement at any time for<omitted>its  convenience,  for  no  reason or for any reason, upon sixty (60) days prior written  notice  to  SpinRecords.com."
RandWorldwideInc_20010402_8-KA_EX-10.2_2,Uncapped Liability,Uncapped Liability,True,True,False,Uncapped Liability,0.9597,"EXCEPT FOR LIABILITY ARISING FROM SECTION 9.3  [Intellectual Property Infringement], IN NO EVENT SHALL EITHER PARTY BE LIABLE UNDER THIS AGREEMENT FOR AN AMOUNT GREATER THAN THE AMOUNT THAT SUCH PARTY HAS EARNED PURSUANT TO THE REVENUE SHARING PROVISIONS OF SECTION 5.4  [Share of Net Revenue] IN THE TWELVE MONTH PERIOD PRECEDING THE CLAIM. | EXCEPT FOR LIABILITY ARISING FROM SECTION 9.3  [Intellectual Property Infringement], IN NO EVENT SHALL EITHER PARTY BE LIABLE TO THE OTHER FOR ANY INDIRECT, SPECIAL, INCIDENTAL, PUNITIVE OR CONSEQUENTIAL DAMAGES, LOSSES, OR EXPENSES INCLUDING, BUT NOT LIMITED TO, LOSS OF USE, LOSS OF PROFITS, OR LOSS OF GOODWILL, EVEN IF THAT PARTY HAS BEEN ADVISED OF THE POSSIBILITY OF SUCH LOSS OR DAMAGE."
RandWorldwideInc_20010402_8-KA_EX-10.2_2,Cap On Liability,Uncapped Liability,False,False,False,Uncapped Liability,0.9597,"EXCEPT FOR LIABILITY ARISING FROM SECTION 9.3  [Intellectual Property Infringement], IN NO EVENT SHALL EITHER PARTY BE LIABLE UNDER THIS AGREEMENT FOR AN AMOUNT GREATER THAN THE AMOUNT THAT SUCH PARTY HAS EARNED PURSUANT TO THE REVENUE SHARING PROVISIONS OF SECTION 5.4  [Share of Net Revenue] IN THE TWELVE MONTH PERIOD PRECEDING THE CLAIM. | EXCEPT FOR LIABILITY ARISING FROM SECTION 9.3  [Intellectual Property Infringement], IN NO EVENT SHALL EITHER PARTY BE LIABLE TO THE OTHER FOR ANY INDIRECT, SPECIAL, INCIDENTAL, PUNITIVE OR CONSEQUENTIAL DAMAGES, LOSSES, OR EXPENSES INCLUDING, BUT NOT LIMITED TO, LOSS OF USE, LOSS OF PROFITS, OR LOSS OF GOODWILL, EVEN IF THAT PARTY HAS BEEN ADVISED OF THE POSSIBILITY OF SUCH LOSS OR DAMAGE."
RandWorldwideInc_20010402_8-KA_EX-10.2_2,Non-Compete,Non-Compete,True,True,False,Non-Compete,1.0,"Except as contemplated under this Agreement, during the two year period following the Effective Date, Dassault Systemes shall not commercially offer any web service, which is (i) based upon the ACIS-based software transferred to Dassault Systemes in<omitted>connection with the Purchase Agreement and (ii) similar to the Co-Branded Service."
RandWorldwideInc_20010402_8-KA_EX-10.2_2,Anti-Assignment,Anti-Assignment,True,True,False,Anti-Assignment,0.9538,"Either party may assign or otherwise transfer all or part of this Agreement to any of its Affiliates, and for as long as it remains an Affiliate; provided that no such assignment shall relieve a party of any of its obligations under this Agreement. | This Agreement may be assigned or otherwise transferred, by operation of law or otherwise without the express written consent of PlanetCAD and Dassault Systemes, but in such event the assigning Party shall give notice to the non-assigning Party and the non-assigning Party shall have the right to terminate this Agreement within the 30-day period following receipt of such notice."
RandWorldwideInc_20010402_8-KA_EX-10.2_2,Change Of Control,Change Of Control,True,True,False,Change Of Control,1.0,"In the event there is a change of Control of an Affiliate which terminates its status as an Affiliate of the party to this Agreement, and this Agreement has been assigned to such an Affiliate, this Agreement must be assigned back to the party within 6 months of the effective date of the change of Control."
TheglobeComInc_19990503_S-1A_EX-10.20_54,Uncapped Liability,Uncapped Liability,True,True,False,Uncapped Liability,1.0,"EXCEPT IN THE EVENT OF A CLAIM UNDER SECTION 10 OR FAILURE TO PAY UNDER SECTION 6, IN NO EVENT SHALL EITHER PARTY BE LIABLE TO THE<omitted>OTHER PARTY IN AN AMOUNT GREATER THAN THE AMOUNT BOXLOT ACTUALLY PAYS TO THEGLOBE HEREUNDER."
TheglobeComInc_19990503_S-1A_EX-10.20_54,Cap On Liability,Cap On Liability,True,True,False,Cap On Liability,1.0,"EXCEPT IN THE EVENT OF A CLAIM UNDER SECTION 10 OR FAILURE TO PAY UNDER SECTION 6, IN NO EVENT SHALL EITHER PARTY BE LIABLE TO THE<omitted>OTHER PARTY IN AN AMOUNT GREATER THAN THE AMOUNT BOXLOT ACTUALLY PAYS TO THEGLOBE HEREUNDER. | NEITHER PARTY SHALL BE LIABLE FOR LOST PROFITS OR SPECIAL, INCIDENTAL OR CONSEQUENTIAL DAMAGES (HOWEVER ARISING, INCLUDING<omitted>NEGLIGENCE) ARISING OUT OF OR IN CONNECTION WITH THIS AGREEMENT, EVEN IF THE PARTIES ARE AWARE OF THE POSSIBILITY OF SUCH DAMAGES."
TheglobeComInc_19990503_S-1A_EX-10.20_54,Anti-Assignment,Anti-Assignment,True,True,False,Anti-Assignment,1.0,"Neither party may assign its rights or delegate its duties hereunder (except to an affiliated company, or to a successor in interest in the event of a merger, sale of assets of the business to which this Agreement is related, or consolidation) without the other party's prior written consent, and any purported attempt to do so is null and void."
TheglobeComInc_19990503_S-1A_EX-10.20_54,Change Of Control,Change Of Control,True,True,False,Change Of Control,0.9408,"By providing written notice, theglobe may terminate this Agreement in its sole discretion if one of the following companies (or their subsidiaries) does an ""Ownership Change Event"": Lycos, Yahoo (including GeoCities, which shall be included even if their proposed merger does not occur), Xoom, Fortune City, Excite, Go Network (including Disney and Infoseek), Snap! (including NBC) and AOL. | An ""Ownership Change Event"" means: (x) the acquisition of 50% or more of Boxlot's equity or voting interests; (y) a merger or consolidation of Boxlot; or (z) the sale, exchange or transfer of all or substantially all of Boxlot's assets related to the Service."
StampscomInc_20001114_10-Q_EX-10.47_2631,Cap On Liability,Cap On Liability,True,True,False,Cap On Liability,0.8583,"IN NO EVENT WILL EITHER PARTY BE LIABLE FOR<omitted>CONSEQUENTIAL, INCIDENTAL, SPECIAL, INDIRECT, OR EXEMPLARY DAMAGES ARISING OUT OF THIS AGREEMENT, EVEN IF A PARTY HAS BEEN ADVISED OF THE POSSIBILITY OF SUCH DAMAGES, AND UNDER ANY CAUSE OF ACTION, INCLUDING NEGLIGENCE. THESE LIMITATIONS SHALL APPLY NOTWITHSTANDING ANY FAILURE OF ESSENTIAL PURPOSE OF ANY LIMITED REMEDY. | MBE's sole remedy for correction of problems after Acceptance shall be under the Warranties set forth in Section 11. | Notwithstanding anything to the contrary in      ----------------------- this Agreement, in no event shall either party's liability under any provision of this Agreement or otherwise arising out of or related to this Agreement (other than payments due or accrued under Section 8, exceed the amounts paid by MBE and the MBE Centers to the Company pursuant to this Agreement. | THIS SECTION 12 SETS FORTH THE SOLE AND          ---------------------------- EXCLUSIVE LIABILITY OF THE COMPANY FOR INFRINGEMENT OF THIRD PARTY INTELLECTUAL PROPERTY RIGHTS. | The parties further agree that NEITHER PARTY WILL BE LIABLE FOR ANY LOST PROFITS, FOR COSTS OF PROCUREMENT OF SUBSTITUTE GOODS OR SERVICES OR FOR ANY CLAIM OR DEMAND AGAINST A PARTY BY ANY OTHER PARTY. | The Company's sole and exclusive liability and MBE's sole and          -------- exclusive remedy for breach of the representations and warranties set forth in this Section 11 shall be, at the Company's election, to either (i) use its best efforts to make the Service perform in accordance with the Specifications in all material respects as soon as reasonably practicable, or (ii) return the Fees paid by MBE and MBE Centers for the Service in which case MBE would have the right to either terminate the entire Agreement or the portions of the Agreement affected by breach of the representation and warranties. | IN NO EVENT WILL EITHER PARTY BE LIABLE FOR

Source: STAMPS.COM INC, 10-Q, 11/14/2000





CONSEQUENTIAL, INCIDENTAL, SPECIAL, INDIRECT, OR EXEMPLARY DAMAGES ARISING OUT OF THIS AGREEMENT, EVEN IF A PARTY HAS BEEN ADVISED OF THE POSSIBILITY OF SUCH DAMAGES, AND UNDER ANY CAUSE OF ACTION, INCLUDING NEGLIGENCE. THESE LIMITATIONS SHALL APPLY NOTWITHSTANDING ANY FAILURE OF ESSENTIAL PURPOSE OF ANY LIMITED REMEDY."
StampscomInc_20001114_10-Q_EX-10.47_2631,Anti-Assignment,Anti-Assignment,True,True,False,Anti-Assignment,1.0,"Each party shall have the right to assign its rights,<omitted>obligations and privileges hereunder to an assignee in connection with any merger, acquisition or sale of all or substantially all of the business to which this Agreement relates."
StampscomInc_20001114_10-Q_EX-10.47_2631,Change Of Control,Change Of Control,True,True,False,Change Of Control,1.0,"The Company may, at its option, terminate the exclusivity      provisions set forth in this Section 3(d)  [Exclusivity] upon the occurrence of any of the      following events:<omitted>(B) MBE ceases to own at least [***]* shares of<omitted>common stock of the Company (calculated on an as-converted basis and as      adjusted for any stock split, stock dividend, recapitalization or similar      transaction)."
StampscomInc_20001114_10-Q_EX-10.47_2631,Ip Ownership Assignment,Ip Ownership Assignment,True,True,False,Ip Ownership Assignment,1.0,"The Company is, and shall be, the sole owner of all inventions, discoveries and/or enhancements relating to the Service and the Specifications, including all copies, translations, compilations, partial copies, derivative works and updated works, whether partial or complete and whether or not merged into other program materials and whether in written or unwritten form."
CreditcardscomInc_20070810_S-1_EX-10.33_,Cap On Liability,Cap On Liability,True,True,False,Cap On Liability,0.997,"Further, Chase's aggregate liability arising under or with respect to this Agreement or the Affiliate Program shall in no event exceed the total Commissions paid or payable by Chase to Affiliate under this   Agreement. | Chase shall have no liability for any indirect, incidental, special or consequential damages or any loss of revenue or profits arising under or with respect to this Agreement or the Affiliate Program, regardless of whether Chase has been advised of the possibility of such damages."
CreditcardscomInc_20070810_S-1_EX-10.33_,Termination For Convenience,Termination For Convenience,True,True,False,Termination For Convenience,1.0,"Chase may revoke Affiliate's license at any time. | Either Affiliate or Chase may terminate this Agreement at any time, with or without cause, by giving the other party written or e-mail notice of termination."
DigitalCinemaDestinationsCorp_20111220_S,Uncapped Liability,Uncapped Liability,True,True,False,Uncapped Liability,0.8725,"EXCEPT IN CONNECTION WITH A BREACH OF ARTICLE XIV HEREUNDER, AND WITH THE EXCEPTION OF THE  INDEMNIFICATION OBLIGATIONS OF THE PARTIES UNDER ARTICLE X, THE AGGREGATE TOTAL LIABILITY OF EITHER PARTY TO  THE OTHER PARTY AND TO ALL OTHER PERSONS AND ENTITIES UNDER THIS AGREEMENT SHALL UNDER NO CIRCUMSTANCES  EXCEED THE AMOUNT OF THE NET REVENUE RECEIVED BY NCM PURSUANT TO SECTION 7.2 OF THIS AGREEMENT DURING THE FIVE  (5) YEAR PERIOD PRECEDING SUCH LIABILITY, LESS IN ANY CASE THE AGGREGATE OF ANY AMOUNTS PAID BY NCM HEREUNDER  ON ACCOUNT OF PREVIOUS EVENTS OF LIABILITY. | EXCEPT IN CONNECTION WITH A BREACH OF ARTICLE XIII OF THIS AGREEMENT AND WITH THE EXCEPTION OF  THE INDEMNIFICATION OBLIGATIONS OF THE PARTIES UNDER ARTICLE X, IN NO EVENT SHALL EITHER PARTY BE LIABLE TO THE  OTHER PARTY OR ANY OTHER PERSON OR ENTITY FOR ANY INDIRECT, INCIDENTAL, CONSEQUENTIAL, SPECIAL, PUNITIVE,  EXEMPLARY, OR EXTRA-CONTRACTUAL DAMAGES OF ANY KIND WHATSOEVER ARISING FROM OR CONNECTED WITH THIS  AGREEMENT, INCLUDING, BUT NOT LIMITED TO, LOST PROFITS, LOST REVENUES, OR LOSS OF BUSINESS, REGARDLESS OF LEGAL  THEORY, WHETHER OR NOT FORESEEABLE, EVEN IF EITHER PARTY HERETO HAS BEEN ADVISED OF THE POSSIBILITY OR  PROBABILITY OF SUCH DAMAGES AND EVEN IF THE REMEDIES OTHERWISE PROVIDED BY THIS AGREEMENT FAIL OF THEIR  ESSENTIAL PURPOSE."
DigitalCinemaDestinationsCorp_20111220_S,Cap On Liability,Uncapped Liability,False,True,False,Cap On Liability,0.8725,"EXCEPT IN CONNECTION WITH A BREACH OF ARTICLE XIV HEREUNDER, AND WITH THE EXCEPTION OF THE  INDEMNIFICATION OBLIGATIONS OF THE PARTIES UNDER ARTICLE X, THE AGGREGATE TOTAL LIABILITY OF EITHER PARTY TO  THE OTHER PARTY AND TO ALL OTHER PERSONS AND ENTITIES UNDER THIS AGREEMENT SHALL UNDER NO CIRCUMSTANCES  EXCEED THE AMOUNT OF THE NET REVENUE RECEIVED BY NCM PURSUANT TO SECTION 7.2 OF THIS AGREEMENT DURING THE FIVE  (5) YEAR PERIOD PRECEDING SUCH LIABILITY, LESS IN ANY CASE THE AGGREGATE OF ANY AMOUNTS PAID BY NCM HEREUNDER  ON ACCOUNT OF PREVIOUS EVENTS OF LIABILITY. | EXCEPT IN CONNECTION WITH A BREACH OF ARTICLE XIII OF THIS AGREEMENT AND WITH THE EXCEPTION OF  THE INDEMNIFICATION OBLIGATIONS OF THE PARTIES UNDER ARTICLE X, IN NO EVENT SHALL EITHER PARTY BE LIABLE TO THE  OTHER PARTY OR ANY OTHER PERSON OR ENTITY FOR ANY INDIRECT, INCIDENTAL, CONSEQUENTIAL, SPECIAL, PUNITIVE,  EXEMPLARY, OR EXTRA-CONTRACTUAL DAMAGES OF ANY KIND WHATSOEVER ARISING FROM OR CONNECTED WITH THIS  AGREEMENT, INCLUDING, BUT NOT LIMITED TO, LOST PROFITS, LOST REVENUES, OR LOSS OF BUSINESS, REGARDLESS OF LEGAL  THEORY, WHETHER OR NOT FORESEEABLE, EVEN IF EITHER PARTY HERETO HAS BEEN ADVISED OF THE POSSIBILITY OR  PROBABILITY OF SUCH DAMAGES AND EVEN IF THE REMEDIES OTHERWISE PROVIDED BY THIS AGREEMENT FAIL OF THEIR  ESSENTIAL PURPOSE. | The obligations under this Section 10.3 state the  entire liability of NCM and are Network Affiliate's sole and exclusive remedies, with respect to intellectual property infringement."
DigitalCinemaDestinationsCorp_20111220_S,Non-Compete,Non-Compete,True,True,False,Non-Compete,0.9958,"During the Term, except as otherwise provided in this Agreement, Network Affiliate and its affiliates agree not to engage or  participate in any business, hold equity interests, directly or indirectly, in another entity, whether currently existing or hereafter created, or  participate in any other joint venture that competes or would compete with any business that NCM is authorized to conduct in the Territory  pursuant to this Agreement, whether or not NCM is actually conducting such business in a particular portion of the Territory."
DigitalCinemaDestinationsCorp_20111220_S,Anti-Assignment,Anti-Assignment,True,True,False,Anti-Assignment,0.9977,"Any attempted  assignment in violation of this section shall be void. | This Agreement  shall not be assignable by either party unless the assignee expressly assumes in writing the obligations of the assignor hereunder. | Network Affiliate may not assign or transfer, by operation of law or otherwise, any of its rights under this  Agreement or delegate any of its duties under this Agreement to any third party without NCM's prior written consent, which consent shall not be  unreasonably withheld, conditioned or delayed."
DigitalCinemaDestinationsCorp_20111220_S,Change Of Control,Change Of Control,True,True,False,Change Of Control,0.9807,"Network Affiliate may not assign or transfer, by operation of law or otherwise, any of its rights under this  Agreement or delegate any of its duties under this Agreement to any third party without NCM's prior written consent, which consent shall not be  unreasonably withheld, conditioned or delayed | For the purposes of this Agreement, any change of control, merger, consolidation, or acquisition  of all or substantially all of the assets of Network Affiliate (collectively, a ""Change of Control"") shall be deemed an assignment."
DigitalCinemaDestinationsCorp_20111220_S,Ip Ownership Assignment,Ip Ownership Assignment,True,True,False,Ip Ownership Assignment,0.6933,"Any and all data, information, and material created, conceived, reduced to practice, or developed by or on  behalf of either Party, whether alone, in connection with the other Party or any third party, including, without limitation, written works, processes,  methods, inventions, discoveries, software, works of visual art, audio works, look-and-feel attributes, and multimedia works, based on, using, or  derived from, in whole or in part, any NCM Property, whether or not done on NCM's facilities, with NCM's equipment, or by NCM personnel, and  any and all right, title, and interest therein and thereto (including, but not limited to, the right to sue for past infringement) (collectively, ""Derived  Works""), shall be owned solely and exclusively by NCM, and Network Affiliate agrees to and hereby does assign, transfer, and convey to NCM  (and will ensure than any third party acting with or on behalf of Network Affiliate assigns, transfers, and conveys to NCM any and all right, title, or  interest in or to any Derived Work which it may at any time acquire by operation of law or otherwise."
DigitalCinemaDestinationsCorp_20111220_S,Covenant Not To Sue,Covenant Not To Sue,True,False,True,Non-Disparagement,0.8858,"NCM shall not engage in any conduct  which may place Network Affiliate or any Network Affiliate Mark in a negative light or context, and shall not represent that it owns or has any  interest in any Network Affiliate Mark other than as expressly granted herein, nor shall it contest or assist others in contesting the title or any  rights of Network Affiliate (or any other owner) in and to any Network Affiliate Mark. | Network Affiliate shall not engage in any conduct which  may place NCM or any NCM Mark in a negative light or context, and shall not represent that it owns or has any interest in any NCM Mark other  than as expressly granted herein, nor shall it contest or assist others in contesting the title or any rights of NCM (or any other owner) in and to any  NCM Mark. | Neither party will at any time, except to the extent necessary to assert or defend its rights under this Agreement: (i) challenge  or otherwise do anything inconsistent with the other party's right, title or interest in its property, (ii) do or cause to be done or omit to do anything,  the doing, causing or omitting of which would contest or in any way impair or tend to impair the rights of the other party in its property, or (iii)  assist or cause any person or entity to do any of the foregoing."
LinkPlusCorp_20050802_8-K_EX-10_3240252_,Cap On Liability,Cap On Liability,True,True,False,Cap On Liability,1.0,"No action,                   case, suit or proceeding, regardless of form, arising out of                   or related to this Agreement, may be brought by either party                   more than one (1) year after the cause of action has arisen,                   or in the case of nonpayment, more than two (2) years from the                   date of the last payment."
LinkPlusCorp_20050802_8-K_EX-10_3240252_,Anti-Assignment,Anti-Assignment,True,True,False,Anti-Assignment,1.0,This Agreement may not be assigned in whole or in part by                   either party without prior written consent of the other.
LinkPlusCorp_20050802_8-K_EX-10_3240252_,Termination For Convenience,Termination For Convenience,True,True,False,Termination For Convenience,1.0,Axiometric will have the right to terminate the license to use                   the office space and to move out of the office space at any                   time upon two weeks notice.
SouthernStarEnergyInc_20051202_SB-2A_EX-,Cap On Liability,Cap On Liability,True,True,False,Cap On Liability,1.0,"This includes in particular the liability exclusion for lost profit, the loss of data or interruption to or errors in the operation of the Web site of the Affiliate."
SouthernStarEnergyInc_20051202_SB-2A_EX-,Termination For Convenience,Termination For Convenience,True,True,False,Termination For Convenience,1.0,"Either party may cancel this Agreement at any time, with or without supplying a reason, through written notification or by making suitable settings in the respective Control Panel. | The Software Publisher and element 5 are authorized to revoke the license granted to the Affiliate at any time by written notice."
